"","HC13_Healthy","HC14_Healthy","HC20_Healthy","HC22_Healthy","HC25_Healthy","M1_MECFS","M10_MECFS","M11_MECFS","M12_MECFS","M15_MECFS"
"P01031_NeuAc 2","100","100","100","100","100","100","100","100","100","100"
"P04114_NeuAc 1","69.37065","61.77671","83.88185","60.80661","74.34862","66.20928","87.51666","92.91437","41.06294","69.83152"
"P04114_NeuAc 0","1.693153",NA,"3.949759","6.396321",NA,NA,NA,"2.491038","27.08764","0.1376486"
"P04114_NeuAc 2","26.08331","35.79656","11.36207","28.01113","20.26483","33.79072","9.458423","4.594588","31.84942","30.03083"
"P04114_NeuAc 3","2.852885","2.426729","0.8063261","4.785941","5.386551",NA,"3.024913",NA,NA,NA
"P02763_NeuAc 1","2.09737","0.03982449","3.245527","1.544413","3.604846","0.3756567","1.395845","5.255961",NA,"0.6273621"
"P02763_NeuAc 2","31.37512","23.92787","37.21627","59.40701","38.13569","61.00935","30.6154","32.93365","41.18684","50.81092"
"P02763_NeuAc 3","66.52751","76.0323","59.53821","39.04858","58.25946","38.61499","67.98876","61.81039","58.81316","48.56172"
"P10909_NeuAc 1","16.62006","20.80192","7.334457","27.5033","24.22739","9.914199","13.78915","13.20312","22.26451","12.56891"
"P10909_NeuAc 0","0.139426","0.843952","0.09901953","1.326737","1.360365","0.1059735","0.2452465","1.895933","1.362796","0.1542674"
"P10909_NeuAc 2","67.36898","76.60339","74.97145","64.60515","60.26309","84.63825","68.50148","50.62948","74.23345","79.34295"
"P10909_NeuAc 3","15.87154","1.750739","17.59508","6.564816","14.14915","5.341576","17.46413","34.27146","2.139246","7.933871"
"P10721_NeuAc 1","8.862716","42.23017","43.37946","0.6211541","65.81244","39.86994","63.07803","56.7734","76.24411","59.41558"
"P10721_NeuAc 0","5.435835","1.979219","2.894887","0.2430038",NA,NA,"2.067035","1.995442","1.185171","4.455023"
"P10721_NeuAc 2","85.70145","13.509","9.18143","98.06392","13.57214","60.13006","8.409594","31.70488","22.57072","36.1294"
"P10721_NeuAc 3",NA,"42.2816","44.54422","1.071923","20.61541",NA,"26.44535","9.526273",NA,NA
"P01871_NeuAc 0","6.723997","4.227393","3.932707","5.706066","4.357926","6.885559","7.177662","5.704089","8.390079","6.962939"
"P01871_NeuAc 1","88.73062","91.27295","81.69551","88.65906","89.46473","82.10637","86.26909","85.59084","89.90568","88.07074"
"P01871_NeuAc 2","4.545382","4.499661","14.37178","5.634871","6.177345","11.00807","6.553244","8.70507","1.704244","4.966325"
"P00748_NeuAc 1","4.666176","6.300325","2.974584","3.69788","3.003833","2.704665","4.530842","3.613924","8.229334","3.276832"
"P00748_NeuAc 2","93.03652","92.05177","95.01794","94.51225","95.28766","97.29533","93.28452","89.12603","90.80444","95.32018"
"P00748_NeuAc 3","2.297306","1.647905","2.007481","1.789868","1.708507",NA,"2.184634","7.260049","0.9662285","1.402984"
"P05156_NeuAc 1","9.871819","8.534877","11.22251","13.95521","17.13912","12.20982","13.04205","31.69839","13.63504","13.58409"
"P05156_NeuAc 2","90.12818","91.46512","88.77749","86.04479","82.86088","87.79018","86.95795","68.30161","86.36496","86.41591"
"Q9Y561_NeuAc 1","100",NA,NA,NA,NA,NA,NA,NA,NA,NA
"Q9Y561_NeuAc 0",NA,NA,NA,NA,NA,"100",NA,"100",NA,NA
"P01008_NeuAc 1","1.853592","8.150063","22.37152","5.172206","4.96644","0.8265542",NA,"16.34957","8.084607","18.72904"
"P01008_NeuAc 2","98.14641","91.49227","77.62848","94.82779","95.03356","99.17345","100","83.65043","91.58734","81.27096"
"P01008_NeuAc 3",NA,"0.3576707",NA,NA,NA,NA,NA,NA,"0.3280519",NA
"P00734_NeuAc 1","7.926421","3.928953","9.075434","12.59455","6.627365","5.658206","8.838142","7.805203","3.250232","4.969322"
"P00734_NeuAc 2","92.0138","95.98117","90.82236","87.40545","92.68833","94.09415","88.78449","92.1948","96.74977","94.99173"
"P00734_NeuAc 3","0.0597778","0.08987581","0.1022072",NA,"0.6843094",NA,"1.388839",NA,NA,NA
"P00734_NeuAc 0",NA,NA,NA,NA,NA,"0.2476466","0.9885274",NA,NA,"0.03894697"
"O75882_NeuAc 1","12.83149","24.39423","8.698885","6.25785","13.32156","38.18333","22.86536","9.078902","18.59767","5.21972"
"O75882_NeuAc 2","75.43511","71.59134","64.61672","72.7594","65.12446","43.54603","52.10254","45.39715","64.2104","77.24842"
"O75882_NeuAc 0","11.7334","2.975025","21.48102","15.59205","18.85237","18.27064","17.65556","27.79363","17.19193","17.53186"
"O75882_NeuAc 3",NA,"1.039401","5.203374","5.390702","2.701611",NA,"7.37653","17.73032",NA,NA
"P12259_NeuAc 2","30.97896",NA,"95.4044","100","38.24604","79.27339","91.1581","43.77845",NA,"98.73184"
"P12259_NeuAc 3","69.02104",NA,NA,NA,NA,NA,NA,NA,NA,NA
"P12259_NeuAc 0",NA,"25.84192","4.595597",NA,"23.89698",NA,NA,NA,"100","1.268163"
"P12259_NeuAc 1",NA,"74.15808",NA,NA,"37.85698","20.72661","8.841904","56.22155",NA,NA
"P08571_NeuAc 1","56.89557","100","63.18463","100","76.9692","36.45117","30.33005","52.82354","100","39.81803"
"P08571_NeuAc 2","43.10443",NA,"36.81537",NA,"23.0308","15.65177","69.66995","47.17646",NA,"60.18197"
"P08571_NeuAc 0",NA,NA,NA,NA,NA,"47.89706",NA,NA,NA,NA
"Q16610_NeuAc 1","10.33468",NA,NA,NA,NA,"17.31654","5.69945","5.822027","19.53776","8.529045"
"Q16610_NeuAc 2","89.66532","100","100","100",NA,"82.68346","94.30055","94.17797","80.46224","91.47096"
"P43652_NeuAc 2","90.49304","92.15138","89.60971","89.24827","92.48285","91.6361","90.6966","87.53294","89.81885","92.29362"
"P43652_NeuAc 1","5.94517","3.461802","5.635229","7.716908","4.847896","7.184414","5.503773","7.712924","7.694165","6.484872"
"P43652_NeuAc 3","3.561788","3.973135","4.75506","1.772422","2.669249","1.179487","3.799631","4.754133","2.486985","1.221512"
"P43652_NeuAc 0",NA,"0.4136812",NA,"1.262404",NA,NA,NA,NA,NA,NA
"Q06033_NeuAc 2","57.24354",NA,"52.08471","100",NA,"48.14065","67.74511","47.48107",NA,"100"
"Q06033_NeuAc 3","42.75646",NA,"13.9578",NA,NA,NA,"9.74078","52.51893",NA,NA
"Q06033_NeuAc 0",NA,NA,"33.95749",NA,NA,"51.85935","22.51411",NA,NA,NA
"P0DOX5_NeuAc 0","92.89089","85.97379","89.96241","93.02075","95.17948","93.0077","93.75699","92.19944","92.1709","94.96462"
"P0DOX5_NeuAc 1","7.019652","13.91781","9.908851","6.916032","4.723421","6.916272","6.243015","7.79081","7.76353","5.005468"
"P0DOX5_NeuAc 2","0.08945743","0.1083989","0.1287395","0.06321612","0.09710276","0.0760324",NA,"0.009749296","0.06557428","0.02990925"
"P01861_NeuAc 0","93.75955","83.12848","90.88976","94.9158","85.62904","92.53084","94.35929","90.90571","90.09032","92.53901"
"P01861_NeuAc 1","6.158088","16.87152","8.949251","4.875436","14.37096","7.390936","5.640715","9.094288","9.90968","7.460989"
"P01861_NeuAc 2","0.08236201",NA,"0.1609908","0.2087617",NA,"0.07822868",NA,NA,NA,NA
"P0DP01_NeuAc 0","100",NA,NA,NA,NA,"100","100",NA,NA,NA
"P13473_NeuAc 0","100",NA,"10.51746",NA,"6.278441","9.583298","56.73645","94.48625","69.07577","79.95828"
"P13473_NeuAc 1",NA,"14.86375","85.59756","61.29104","31.75364","87.08588",NA,"5.513751","18.4635","20.04172"
"P13473_NeuAc 2",NA,"85.13625","2.712627","38.70896","2.189218","3.330821","43.26355",NA,"12.46073",NA
"P13473_NeuAc 3",NA,NA,"1.172351",NA,"59.7787",NA,NA,NA,NA,NA
"P08185_NeuAc 2","100","100","100","98.55197","100",NA,NA,NA,"100","100"
"P08185_NeuAc 1",NA,NA,NA,"1.448028",NA,NA,NA,NA,NA,NA
"P20851_NeuAc 1","32.85502","34.6483","28.60252","24.56421","27.84376","31.01125","26.19454","28.85922","39.55206","33.51144"
"P20851_NeuAc 2","53.28202","62.20894","65.57133","65.99388","63.19782","68.98875","62.11066","57.22341","60.44794","66.48856"
"P20851_NeuAc 3","13.86295","3.142762","5.826147","9.441905","8.958417",NA,"11.6948","13.91737",NA,NA
"P01860_NeuAc 0","88.3535","100","89.99453","100","99.17159","94.15068","13.88482","79.88401","100","52.56992"
"P01860_NeuAc 1","11.6465",NA,"10.00547",NA,"0.8284107","5.849316","86.11518","20.11599",NA,"47.43008"
"P55058_NeuAc 1","80.323","47.27492","53.31096","27.89087","39.63421","76.68049","49.73209","60.52111","75.16273","28.7716"
"P55058_NeuAc 2","19.677","52.72508","46.68904","72.10913","55.65972","23.31951","50.26791","39.47889","24.83727","41.7835"
"P55058_NeuAc 0",NA,NA,NA,NA,"4.706071",NA,NA,NA,NA,"26.53422"
"P55058_NeuAc 3",NA,NA,NA,NA,NA,NA,NA,NA,NA,"2.910681"
"P02790_NeuAc 2","89.56391","89.55025","91.45595","86.865","89.90192","90.55069","85.50816","81.97659","81.34516","89.02415"
"P02790_NeuAc 3","2.428388","1.327518","2.60398","1.852393","2.851297","1.572196","4.106661","4.837977","1.077474","1.488809"
"P02790_NeuAc 1","8.007707","9.122232","5.940072","11.00464","7.041802","7.877112","10.38517","12.7915","17.03308","9.487043"
"P02790_NeuAc 0",NA,NA,NA,"0.2779726","0.2049803",NA,NA,"0.3939314","0.5442861",NA
"P01859_NeuAc 0","86.68604","77.79204","94.26113","93.73844","81.70656","93.6064","92.32378","94.80203","91.86945","94.54856"
"P01859_NeuAc 1","13.22397","22.04346","5.462844","6.261558","17.96227","6.393601","7.676223","5.081655","8.130545","5.451436"
"P01859_NeuAc 2","0.08999115","0.1644945","0.2760282",NA,"0.3311672",NA,NA,"0.1163115",NA,NA
"P98161_NeuAc 1","83.98913","30.44813","67.09484","19.42341","48.55044","38.35858","74.37957","17.22321","78.19466","70.76556"
"P98161_NeuAc 2","9.146431","10.33505","24.40613","3.812508","18.61811","46.26544","15.7463","2.793721","15.24032","23.75816"
"P98161_NeuAc 0","6.864442","59.21681","8.499037","76.76408","32.83145","15.37598","9.874128","79.98307","6.56502","5.476274"
"P05155_NeuAc 0","1.236307",NA,NA,NA,NA,NA,"4.429369",NA,NA,NA
"P05155_NeuAc 1","22.83158","2.766019","18.15513","44.29664","6.711221","26.03512","39.89422","21.30268","31.41048","5.689303"
"P05155_NeuAc 2","75.93211","97.23398","81.84487","55.70336","74.94453","73.96488","55.67641","78.69732","68.58952","94.3107"
"P05155_NeuAc 3",NA,NA,NA,NA,"18.34424",NA,NA,NA,NA,NA
"P00736_NeuAc 1","31.97022","43.78246","100","59.62404","40.32592","77.4976","81.43634","79.10421","92.17769","78.10667"
"P00736_NeuAc 2","68.02978","56.21754",NA,"40.37596","59.67408","22.5024","18.56366","20.89579","7.82231","21.89333"
"Q9BXR6_NeuAc 2","19.16312",NA,NA,NA,"100",NA,NA,NA,NA,"100"
"Q9BXR6_NeuAc 1","80.83688",NA,NA,NA,NA,NA,NA,NA,NA,NA
"Q9BXR6_NeuAc 0",NA,NA,NA,NA,NA,"100",NA,"100",NA,NA
"P02750_NeuAc 2","54.71975","100","100","100","87.73846","100","58.65976","78.94186","100","92.14112"
"P02750_NeuAc 3","45.28025",NA,NA,NA,"12.26154",NA,"38.30138","21.05814",NA,"7.85888"
"P02750_NeuAc 0",NA,NA,NA,NA,NA,NA,"3.038862",NA,NA,NA
"P08603_NeuAc 1","15.55301","20.29778","16.07636","16.72649","19.14076","15.48336","22.27587","27.29","30.91348","18.6734"
"P08603_NeuAc 2","82.19997","77.55223","82.34331","81.33951","78.60829","83.65411","75.40117","69.92775","67.4311","80.18774"
"P08603_NeuAc 0","0.0790523","0.5809829","0.3632305","0.07620123","0.07818271","0.2745041","0.7152297","0.9647204","1.065644","0.1109361"
"P08603_NeuAc 3","2.167974","1.569012","1.2171","1.857801","2.172766","0.5880231","1.607723","1.817532","0.5897733","1.027917"
"P26927_NeuAc 2","84.00606","100","100","100","100","100","100","100","100","100"
"P26927_NeuAc 1","15.99394",NA,NA,NA,NA,NA,NA,NA,NA,NA
"P48740_NeuAc 2","100","100","100","100","100","100","100","71.49826","100","100"
"P48740_NeuAc 1",NA,NA,NA,NA,NA,NA,NA,"28.50174",NA,NA
"P25311_NeuAc 1","6.711151","5.519275","11.13738","3.600289","9.259379","26.21987","2.897666","2.194771",NA,"7.8355"
"P25311_NeuAc 2","87.82035","94.48073","87.31188","93.08433","84.52867","67.65822","93.54897","94.63782","100","90.64447"
"P25311_NeuAc 3","5.468497",NA,"1.550746","3.315382","6.211954","6.12191","3.553363","3.16741",NA,"1.520028"
"P19823_NeuAc 2","100","100","100","100","100","67.61671","98.16585","100","100","100"
"P19823_NeuAc 1",NA,NA,NA,NA,NA,"32.38329","1.834155",NA,NA,NA
"P05543_NeuAc 1","4.740792","7.588963","7.207461","5.940229","10.52812","12.12563","14.21839","17.5377",NA,"5.724098"
"P05543_NeuAc 2","95.25921","92.41104","92.79254","94.05977","89.47188","87.87437","85.78161","82.4623","100","94.2759"
"P10643_NeuAc 1","37.28079","31.25132","19.03728","39.8678","27.54196","26.26276","29.91922","1.544504","27.34037","20.59393"
"P10643_NeuAc 2","62.71921","68.74868","80.96272","60.1322","72.45804","72.09346","70.08078","96.11844","72.44703","79.40607"
"P10643_NeuAc 3",NA,NA,NA,NA,NA,"1.643782",NA,NA,NA,NA
"P10643_NeuAc 0",NA,NA,NA,NA,NA,NA,NA,"2.337052","0.2125987",NA
"P05546_NeuAc 2","92.01865","47.54013","92.11609","53.24485","82.6899","80.93226","87.14647","96.72033","31.59819","93.85418"
"P05546_NeuAc 1","7.981352","52.45987","7.883906","46.75515","17.3101","13.39827","12.85353","3.279667","63.36325","6.145818"
"P05546_NeuAc 0",NA,NA,NA,NA,NA,"5.669469",NA,NA,"5.038561",NA
"P06276_NeuAc 1","100","42.58381","35.98809","39.36754","50.36651","43.32897","9.139714",NA,"28.37672","20.01197"
"P06276_NeuAc 0",NA,"14.78606",NA,NA,NA,"6.761219",NA,NA,NA,NA
"P06276_NeuAc 2",NA,"42.63013","55.64233","60.63246","49.63349","49.90982","90.86029","44.10318","41.36315","79.98803"
"P06276_NeuAc 3",NA,NA,"8.369583",NA,NA,NA,NA,"55.89682","30.26013",NA
"P01024_NeuAc 0","89.30801","95.80963","88.9944","93.14619","89.31027","93.52749","90.54474","95.92433","98.46273","86.98008"
"P01024_NeuAc 1","10.69199","4.190373","11.0056","6.853809","10.26384","6.472508","9.455263","4.075668","1.484085","13.01992"
"P01024_NeuAc 2",NA,NA,NA,NA,"0.4258867",NA,NA,NA,NA,NA
"P01024_NeuAc 3",NA,NA,NA,NA,NA,NA,NA,NA,"0.05318943",NA
"Q08828_NeuAc 3","100",NA,"100","100","100",NA,NA,NA,NA,NA
"Q08828_NeuAc 2",NA,"100",NA,NA,NA,NA,"100",NA,"100",NA
"Q03591_NeuAc 1","6.02606","3.349874","10.09739","9.656486","4.175549","7.502711","11.69417","3.053259","8.253722","2.671678"
"Q03591_NeuAc 2","93.97394","96.65013","89.90261","90.34351","95.82445","92.49729","88.30583","96.94674","91.74628","97.32832"
"P02749_NeuAc 1","12.61871","10.18886","13.66204","14.40011","21.46274","16.78203","14.95948","19.32868","17.34064","21.80661"
"P02749_NeuAc 2","82.58623","80.37181","85.81844","79.40003","74.14003","80.94229","72.37707","69.063","81.27197","74.24204"
"P02749_NeuAc 3","4.377334","9.439336","0.5195176","6.095566","4.39723","1.760511","12.66345","11.60832","1.200994","3.951347"
"P02749_NeuAc 0","0.4177332",NA,NA,"0.104291",NA,"0.5151665",NA,NA,"0.1863969",NA
"P0DOX2_NeuAc 0","18.91281","7.873657","9.54994","8.464313","12.06907","10.31458","18.82537","10.38358","5.185865","15.20695"
"P0DOX2_NeuAc 1","73.25596","79.79114","74.5711","79.2571","78.52702","77.35934","75.00378","78.93045","83.5538","74.87008"
"P0DOX2_NeuAc 2","7.831227","11.35671","15.87896","12.27859","9.403917","12.32608","6.170849","10.68597","10.44295","9.922965"
"P0DOX2_NeuAc 3",NA,"0.9785",NA,NA,NA,NA,NA,NA,"0.8173829",NA
"Q9Y5Y7_NeuAc 1","100",NA,"100","100",NA,"100","100","100",NA,"100"
"P80108_NeuAc 2","100","85.36018","100","98.8016","60.74398","80.48443","85.17515","64.12076","100","93.54575"
"P80108_NeuAc 1",NA,"14.63982",NA,"0.8075243","39.25602","19.51557","10.58592","35.87924",NA,NA
"P80108_NeuAc 0",NA,NA,NA,"0.3908787",NA,NA,NA,NA,NA,"6.45425"
"P80108_NeuAc 3",NA,NA,NA,NA,NA,NA,"4.238929",NA,NA,NA
"P29622_NeuAc 1","63.97205","96.49596","57.26934",NA,NA,"45.40146","100","61.80478",NA,"29.89716"
"P29622_NeuAc 2","36.02795",NA,NA,NA,NA,"37.25551",NA,NA,NA,"70.10284"
"P29622_NeuAc 0",NA,"3.504042","42.73066","100",NA,"17.34303",NA,"38.19522","100",NA
"P03951_NeuAc 2","100","71.85499","100","100","71.48355","82.45145","66.33477","100","44.74735","100"
"P03951_NeuAc 0",NA,"28.14501",NA,NA,"28.51645","17.54855",NA,NA,"26.97675",NA
"P03951_NeuAc 1",NA,NA,NA,NA,NA,NA,"33.66523",NA,"28.2759",NA
"P04278_NeuAc 2","100","100","100","100","100","100","100","100","100","100"
"P01011_NeuAc 2","44.23264","78.16631",NA,"73.56082","84.99611",NA,NA,NA,"88.32941","91.11072"
"P01011_NeuAc 1","47.49526","15.84587","49.74675","26.43918","4.135996",NA,NA,NA,"2.943185",NA
"P01011_NeuAc 3","5.727753","5.98782","50.25325",NA,"10.86789",NA,"65.60531",NA,"8.727407","8.889284"
"P01011_NeuAc 0","2.54435",NA,NA,NA,NA,NA,"34.39469",NA,NA,NA
"Q68D85_NeuAc 2","100","100","68.73904","100","100",NA,"100",NA,"100","41.60533"
"Q68D85_NeuAc 1",NA,NA,"31.26096",NA,NA,NA,NA,NA,NA,"58.39467"
"P02751_NeuAc 2","46.12154","41.98658","43.71611","37.5486","42.25695","40.19059","35.34701","32.85647","39.17997","45.71348"
"P02751_NeuAc 1","53.59386","56.84551","56.10328","61.14528","57.74305","59.80941","63.85851","66.89415","58.97311","53.93108"
"P02751_NeuAc 0","0.2846012","1.167911",NA,"1.306119",NA,NA,"0.7944891","0.249371","1.846919","0.3554422"
"P02751_NeuAc 3",NA,NA,"0.1806137",NA,NA,NA,NA,NA,NA,NA
"P22792_NeuAc 2","74.46165",NA,"78.24168","100","71.69766","92.54027","79.87853","71.06401",NA,"89.08831"
"P22792_NeuAc 3","25.53835",NA,"21.75832",NA,"28.30234","7.459726","20.12147","26.33476",NA,"10.91169"
"P22792_NeuAc 1",NA,NA,NA,NA,NA,NA,NA,"2.601224",NA,NA
"P03952_NeuAc 1","17.16634","23.00783","10.32476","21.907","26.10817","10.67323","15.35669","30.80256","23.28709","14.34708"
"P03952_NeuAc 2","82.83366","74.33897","89.67524","78.093","73.89183","89.32677","84.64331","69.19744","76.71291","85.65292"
"P03952_NeuAc 0",NA,"2.653192",NA,NA,NA,NA,NA,NA,NA,NA
"P00738_NeuAc 1","38.85286","41.43939","20.9326","34.98173","25.54898","31.85075","44.35973","42.56499","42.68186","28.03405"
"P00738_NeuAc 2","38.30884","40.59626","57.82927","54.03258","45.70934","62.5006","42.05718","41.75227","52.2944","52.44419"
"P00738_NeuAc 3","22.6514","17.47575","21.06451","10.01191","27.99519","4.533611","12.65415","15.1438","3.525219","19.22673"
"P00738_NeuAc 0","0.186898","0.4886031","0.1736228","0.9737897","0.7464894","1.115038","0.9289477","0.5389443","1.498513","0.2950298"
"P49908_NeuAc 2","87.05489","96.9096","90.02273","95.01922","83.23289","100","92.65514","85.86576","94.06299","90.50097"
"P49908_NeuAc 1","1.871752","3.090396","2.487337","4.980785","4.408805",NA,"3.117794","3.80782","5.937005","9.499031"
"P49908_NeuAc 3","11.07336",NA,"7.489932",NA,"12.35831",NA,"4.227066","10.32642",NA,NA
"P17936_NeuAc 2","76.3837","79.44551","88.28704","72.89535","74.94415","100","69.02439","90.26637","86.00501","78.26986"
"P17936_NeuAc 1","23.6163","20.55449","11.71296","27.10465","25.05585",NA,"30.97561","9.733626","13.99499","21.73014"
"P01591_NeuAc 0","0.2437143",NA,NA,NA,NA,"1.351346",NA,NA,"2.201363",NA
"P01591_NeuAc 1","42.88248","48.21952","33.45561","41.03883","39.75254","48.5357","51.22895","58.8961","48.49282","34.94688"
"P01591_NeuAc 2","56.87381","51.78048","66.54439","58.96117","60.24746","50.11295","48.77105","41.1039","49.30582","65.05312"
"P05090_NeuAc 1","46.14903","59.85678","37.78487","53.94132","36.48638","41.7217","51.3749","29.04102","50.48627","44.39646"
"P05090_NeuAc 2","43.26139","32.54763","48.33058","37.23473","53.21861","45.16778","40.82707","49.81292","35.26561","44.83843"
"P05090_NeuAc 3","9.856125","7.595595","5.457896","8.021523","7.615024","4.216545","2.449921","12.13447","14.24812","5.568042"
"P05090_NeuAc 0","0.7334566",NA,"8.426656","0.8024249","2.679983","8.893974","5.348108","9.011585",NA,"5.197066"
"Q6EMK4_NeuAc 2","100","100","100","100","100","100","100",NA,NA,"83.52684"
"Q6EMK4_NeuAc 1",NA,NA,NA,NA,NA,NA,NA,NA,NA,"16.47316"
"P0C0L4; P0C0L5_NeuAc 0","51.0632","40.64549","41.78307","37.32562","41.75477","36.55848","44.6942","30.30819","47.12547","39.09754"
"P0C0L4; P0C0L5_NeuAc 1","1.879694","2.68076","2.788769","2.232456","2.766582","2.761727","1.524211","5.265839","2.678891","4.217038"
"P0C0L4; P0C0L5_NeuAc 2","47.0571","56.67375","55.42816","60.44192","55.47865","60.67979","53.78159","64.42597","50.19564","56.68542"
"P00450_NeuAc 1","2.714166","3.153664","3.641548","2.908675","2.927559","3.85141","5.106463","5.151003","2.514288","2.826717"
"P00450_NeuAc 3","15.9967","22.12065","9.046732","12.30375","12.54932","3.706253","16.83217","12.23194","18.01472","6.904997"
"P00450_NeuAc 2","76.96823","71.24819","84.95268","82.62722","84.25939","91.99524","77.56489","80.9631","76.94186","89.29762"
"P00450_NeuAc 0","4.320902","3.477496","2.359041","2.160356","0.2637304","0.4471008","0.4964769","1.65396","2.529138","0.9706691"
"P06681_NeuAc 0","83.13486","44.38273","81.11455","52.05302","57.59129","69.00644","82.14083","93.23234","57.70689","83.66561"
"P06681_NeuAc 2","8.036172","46.64223","5.947451","41.03083","25.95681","20.82885","5.067266",NA,"42.29311","10.51981"
"P06681_NeuAc 1","8.82897","8.975037","12.93799","6.916152","12.68613","10.16471","12.7919","6.767655",NA,"5.814578"
"P06681_NeuAc 3",NA,NA,NA,NA,"3.765774",NA,NA,NA,NA,NA
"P23142_NeuAc 1","15.79525","21.56661","52.85713","32.55104","17.70782","5.679549","16.2612","79.97712","27.66978","19.1804"
"P23142_NeuAc 2","84.20475","78.43339","47.14287","67.44896","82.29218","94.32045","32.773","20.02288","72.33022","80.8196"
"P23142_NeuAc 0",NA,NA,NA,NA,NA,NA,"50.9658",NA,NA,NA
"P01042_NeuAc 1","0.9742248",NA,"0.4554479","6.052555","3.696604","4.050054","2.290713","2.569154","6.343909","2.118862"
"P01042_NeuAc 2","52.20804","63.19086","65.95288","64.75232","53.82345","74.30115","54.31532","48.16754","80.87988","75.14357"
"P01042_NeuAc 3","46.81774","36.80914","33.59167","29.19512","42.47994","21.64879","43.39397","49.2633","12.77621","22.73756"
"Q15762_NeuAc 0","100",NA,NA,"100",NA,NA,NA,NA,NA,NA
"Q02985_NeuAc 2","100","100","100","100","100","100","100",NA,"95.72396","100"
"Q02985_NeuAc 1",NA,NA,NA,NA,NA,NA,NA,NA,"4.276039",NA
"Q04756_NeuAc 2","100",NA,NA,NA,"100",NA,"100","100",NA,NA
"P13671_NeuAc 2","100","100","100","100","100","96.10891","100","100","100","100"
"P13671_NeuAc 1",NA,NA,NA,NA,NA,"3.891088",NA,NA,NA,NA
"P04004_NeuAc 1","40.98745","1.9719",NA,"8.931476","32.23938","13.4069","4.042369","27.35139","31.97917","0.9053348"
"P04004_NeuAc 0","0.3768312","22.34635",NA,"0.195171","1.860573",NA,NA,NA,"3.869498","12.95379"
"P04004_NeuAc 2","50.48313","57.88611","90.69894","83.1372","59.07576","86.5931","95.95763","64.87038","64.15134","86.14088"
"P04004_NeuAc 3","8.152589","17.79564","9.301063","7.736153","6.824289",NA,NA,"7.778222",NA,NA
"P05160_NeuAc 1","12.22155",NA,"13.53823","1.346946","2.688933",NA,"7.147378","22.95494","3.995482","19.13744"
"P05160_NeuAc 2","43.2362","37.21441","38.86002","18.44398","48.4676","75.79103","26.89246","27.11204","16.99924","41.21999"
"P05160_NeuAc 0","44.54225","62.78559","47.60175","80.20908","48.84346","24.20897","65.96016","49.93302","79.00528","39.64257"
"P43251_NeuAc 2","89.34551","56.19902","100","8.958263","100","99.35406","65.44617","81.17369","37.34311","75.76665"
"P43251_NeuAc 3","10.65449",NA,NA,NA,NA,NA,NA,"18.82631",NA,"24.23335"
"P43251_NeuAc 1",NA,"43.80098",NA,"91.04174",NA,NA,"34.55383",NA,"62.65689",NA
"P43251_NeuAc 0",NA,NA,NA,NA,NA,"0.6459355",NA,NA,NA,NA
"P07358_NeuAc 2","100","100","90.82291","100","100","90.62248","93.07151","78.74479","100","83.39953"
"P07358_NeuAc 1",NA,NA,"9.177089",NA,NA,"9.377519","6.92849","21.25521",NA,"16.60047"
"P51884_NeuAc 1","23.86008","91.16009","38.65014","52.18214","100","42.29196","55.95283","60.84493","93.37503","65.89743"
"P51884_NeuAc 2","76.13992",NA,"51.73634","47.81786",NA,"57.70804","38.04764","39.15507",NA,"20.84197"
"P51884_NeuAc 0",NA,"8.839914","9.613519",NA,NA,NA,"5.999533",NA,"6.624966","13.2606"
"P0DOX6_NeuAc 0","99.94451","99.18908","99.81716","100","100","98.87721","99.6179","99.82135","99.94425","99.52587"
"P0DOX6_NeuAc 1","0.05549093","0.8109215","0.1828399",NA,NA,"0.1741538","0.3821026","0.1786463","0.05575185","0.4741299"
"P0DOX6_NeuAc 2",NA,NA,NA,NA,NA,"0.9486327",NA,NA,NA,NA
"P02675_NeuAc 0","1.869492","1.656308","1.422724","1.623985","1.682671","1.568763","1.543411","1.431123","1.761534","1.86356"
"P02675_NeuAc 1","56.85254","61.1509","60.19859","60.06234","63.51938","65.38056","66.79803","72.96818","64.90533","64.53115"
"P02675_NeuAc 2","41.27797","37.19279","38.37869","38.31367","34.79795","33.05067","31.65856","25.6007","33.33314","33.60529"
"P00747_NeuAc 2","100","100","89.80883","100","100","100","100","92.80823","100","100"
"P00747_NeuAc 1",NA,NA,"10.19117",NA,NA,NA,NA,"7.191769",NA,NA
"P26045_NeuAc 1","100","100",NA,"100",NA,NA,"100","100","100","100"
"P19652_NeuAc 1","11.34602",NA,NA,NA,"15.99502",NA,NA,"11.16682",NA,NA
"P19652_NeuAc 2","26.92307","9.41011","15.36084","31.92199","13.52178","41.45191","24.11503","31.4446","30.00926","38.12565"
"P19652_NeuAc 3","61.73091","90.58989","84.63916","68.07801","70.48321","58.54809","75.88497","57.38858","69.99074","61.87435"
"P27169_NeuAc 2","46.67979","100","58.84395",NA,NA,"74.50857","70.5184","49.47352",NA,"80.01057"
"P27169_NeuAc 3","53.32021",NA,"31.40448","100","100","7.20365","29.4816","29.30997","100","19.98943"
"P27169_NeuAc 1",NA,NA,"9.751562",NA,NA,"18.28778",NA,"21.21651",NA,NA
"P01019_NeuAc 2","79.37122","79.95707","54.23308","80.42017","78.86464","67.05396","69.27567","62.70492","46.51747","73.12208"
"P01019_NeuAc 1","20.62878","20.04293","39.12639","19.57983","21.13536","32.58495","27.64354","33.85079","53.48253","26.87792"
"P01019_NeuAc 3",NA,NA,"6.640531",NA,NA,NA,"3.080788","1.363628",NA,NA
"P01019_NeuAc 0",NA,NA,NA,NA,NA,"0.361094",NA,"2.080658",NA,NA
"O95445_NeuAc 1","100","91.13404","82.36937","100","63.58741","100","96.85568","91.39265","100","93.77025"
"O95445_NeuAc 2",NA,"8.865958","16.30969",NA,"28.3887",NA,NA,"8.607349",NA,NA
"O95445_NeuAc 0",NA,NA,"1.320936",NA,NA,NA,"3.144318",NA,NA,"6.22975"
"O95445_NeuAc 3",NA,NA,NA,NA,"8.023891",NA,NA,NA,NA,NA
"P02765_NeuAc 2","87.17042","88.52918","89.7244","92.62611","90.58011","94.37273","91.22011","86.85536","90.42154","90.84376"
"P02765_NeuAc 1","5.150773","6.152602","6.143564","5.173034","4.224178","5.319424","4.672914","7.253938","7.340827","5.801936"
"P02765_NeuAc 3","7.678808","5.318217","4.132039","2.200853","5.071356","0.3078417","4.106976","5.538656","2.23763","3.354304"
"P02765_NeuAc 0",NA,NA,NA,NA,"0.1243513",NA,NA,"0.3520479",NA,NA
"P02787_NeuAc 1","10.46627","9.80299","8.791634","10.05295","10.32591","10.55481","12.87729","13.29788","11.58547","9.737576"
"P02787_NeuAc 2","87.58956","88.19614","90.18866","88.49429","87.17309","89.26265","85.56581","86.28666","86.45355","89.55812"
"P02787_NeuAc 0","0.5732364","0.1616332","0.3756861",NA,"0.2563934","0.1387281","0.6401794","0.4154633",NA,"0.7043063"
"P02787_NeuAc 3","1.370935","1.839234","0.6440158","1.452766","2.244609","0.04380254","0.9167195",NA,"1.960981",NA
"Q9UM54_NeuAc 2","100",NA,"100","100",NA,NA,"100","100",NA,NA
"Q14624_NeuAc 1","33.31348","100","5.369206",NA,NA,"13.59572","2.612743","9.692195","100","7.002532"
"Q14624_NeuAc 2","66.68652",NA,"79.24662","100","100","85.30894","75.49059","80.61365",NA,"81.62861"
"Q14624_NeuAc 3",NA,NA,"15.38417",NA,NA,NA,"21.53336","9.694155",NA,"11.36885"
"Q14624_NeuAc 0",NA,NA,NA,NA,NA,"1.095335","0.3633096",NA,NA,NA
"Q9NZP8_NeuAc 2","100","100","100","100","100","100","92.99148","85.11181","100","100"
"Q9NZP8_NeuAc 1",NA,NA,NA,NA,NA,NA,"7.008522",NA,NA,NA
"Q9NZP8_NeuAc 0",NA,NA,NA,NA,NA,NA,NA,"14.88819",NA,NA
"P04196_NeuAc 1","32.78226","39.82753","35.25433","45.27195","46.86387","42.10962","34.28944","55.27123","47.71223","40.45692"
"P04196_NeuAc 2","67.21774","60.17247","63.83941","53.14661","53.13613","57.89038","65.11632","43.5102","52.28777","59.54308"
"P04196_NeuAc 0",NA,NA,"0.9062626","1.581444",NA,NA,"0.5942407","1.218573",NA,NA
"P02760_NeuAc 1","15.63146","71.81862","5.967936","22.02675","28.8951","27.42927","6.899493",NA,"76.03999","12.25379"
"P02760_NeuAc 2","84.36854","28.18138","94.03206","77.97325","71.1049","72.57073","93.10051","100","23.96001","87.74621"
"P49238_NeuAc 1","35.86644","27.85302","26.14497","30.531","31.10769","24.40059","36.62597","27.38187","29.70206","30.49885"
"P49238_NeuAc 2","59.70097","70.17236","64.21985","65.56173","60.89054","70.09649","57.67083","71.29913","58.07589","61.52179"
"P49238_NeuAc 0","4.432589","1.974615","9.635181","3.907264","8.001772","5.502918","5.703197","1.319003","12.22205","7.979362"
"P04003_NeuAc 2","100","61.65581","84.34227","75.99806","69.10914","81.71617","59.86706","79.37081","19.02496","50.86027"
"P04003_NeuAc 1",NA,"38.34419","15.65773","24.00194","30.89086","14.18471","40.13294","20.62919","80.97504","49.13973"
"P04003_NeuAc 0",NA,NA,NA,NA,NA,"4.099117",NA,NA,NA,NA
"O42043_NeuAc 0","100","100","19.52397","51.47231",NA,NA,NA,NA,NA,"100"
"O42043_NeuAc 2",NA,NA,"57.84435",NA,NA,NA,NA,NA,NA,NA
"O42043_NeuAc 1",NA,NA,"22.63168","48.52769",NA,NA,"100",NA,"100",NA
"P27918_NeuAc 1","61.66736","31.03125","49.66476","76.40119","35.92062","100","24.54404","67.19081","88.76069","86.3581"
"P27918_NeuAc 2","38.33264","68.96875","50.33524","23.59881","64.07938",NA,"75.45596","32.80919","11.23931","13.6419"
"Q92496_NeuAc 2","100",NA,"100",NA,NA,NA,NA,NA,NA,NA
"P04217_NeuAc 1","13.90787","20.32804","19.93525","18.9051","19.13824","17.26256","21.84747","28.76047","21.25966","19.84811"
"P04217_NeuAc 2","74.43223","67.83449","66.84005","77.4989","76.38984","82.73744","68.52273","59.28011","78.74034","76.54184"
"P04217_NeuAc 3","11.6599","11.83747","13.2247","3.596005","4.471916",NA,"9.629797","11.95942",NA,"3.610053"
"P04180_NeuAc 3","100","100","100",NA,"75.30543",NA,"75.15872","58.54051","100","100"
"P04180_NeuAc 2",NA,NA,NA,NA,"24.69457",NA,"24.84128","41.45949",NA,NA
"P04180_NeuAc 0",NA,NA,NA,NA,NA,"55.81493",NA,NA,NA,NA
"P04180_NeuAc 1",NA,NA,NA,NA,NA,"44.18507",NA,NA,NA,NA
"P00751_NeuAc 1","5.567314","16.39384","12.22806","32.83647",NA,"25.64161","32.18683","44.20408","25.46542","24.10054"
"P00751_NeuAc 2","94.43269","83.60616","87.77194","67.16353","100","74.35839","67.81317","55.79592","74.20017","75.89946"
"P00751_NeuAc 3",NA,NA,NA,NA,NA,NA,NA,NA,"0.3344089",NA
"P02671_NeuAc 0","100","38.95617",NA,NA,NA,"100","100","81.9545","53.64007",NA
"P02671_NeuAc 2",NA,"61.04383",NA,NA,NA,NA,NA,"18.0455","46.35993","100"
"P02745_NeuAc 1","63.9536","100","55.69205","67.53282","61.40218","70.74712","76.17883","67.57245","100","71.62048"
"P02745_NeuAc 2","36.0464",NA,"28.88051","32.46718","38.59782","29.25288","23.82117","32.42755",NA,"28.37952"
"P02745_NeuAc 0",NA,NA,"15.42744",NA,NA,NA,NA,NA,NA,NA
"P01023_NeuAc 0","56.46074","74.32311","52.75986","68.56476","37.57915","56.74585","51.38442","47.50133","68.68417","69.6317"
"P01023_NeuAc 1","42.88538","24.85056","40.20516","24.08044","62.42085","35.87833","41.23261","41.38963","30.34475","25.32048"
"P01023_NeuAc 2","0.6538752","0.8263303","5.963396","7.354805",NA,"7.375821","6.771363","11.10904","0.9710729","5.04782"
"P01023_NeuAc 3",NA,NA,"1.071582",NA,NA,NA,"0.6116042",NA,NA,NA
"P35542_NeuAc 3","100",NA,NA,NA,NA,NA,NA,NA,NA,NA
"P02679_NeuAc 1","63.24595","56.85149","62.46528","68.52176","55.54847","67.64543","78.13325","84.1953","67.54109","65.24635"
"P02679_NeuAc 2","32.2162","31.75489","34.88266","28.63907","32.95316","27.82196","12.58176","10.74817","32.45891","27.9816"
"P02679_NeuAc 0","4.537849","11.39362","2.652063","2.839164","11.49837","4.532613","9.284996","5.056533",NA,"6.772047"
"P19827_NeuAc 2","100",NA,"100",NA,"100","100","100","100",NA,NA
"P19827_NeuAc 1",NA,NA,NA,NA,NA,NA,NA,NA,"100",NA
"P01009_NeuAc 2","100",NA,"77.22856","100",NA,"96.84772","53.93294","84.97728","100","91.31162"
"P01009_NeuAc 3",NA,NA,"22.77144",NA,NA,NA,"46.06706","15.02272",NA,"8.688378"
"P01009_NeuAc 1",NA,NA,NA,NA,NA,"3.152278",NA,NA,NA,NA
"P08697_NeuAc 0","100",NA,"78.99284",NA,NA,NA,NA,NA,NA,"100"
"P08697_NeuAc 1",NA,NA,"21.00716",NA,NA,NA,NA,NA,NA,NA
"P21439_NeuAc 0","100",NA,NA,NA,NA,NA,"100",NA,NA,NA
"P04275_NeuAc 3",NA,"100",NA,NA,NA,NA,NA,NA,NA,NA
"P04275_NeuAc 2",NA,NA,"29.62517",NA,NA,NA,"6.256921",NA,"100","28.98338"
"P04275_NeuAc 1",NA,NA,"70.37483",NA,"100",NA,"93.74308",NA,NA,"4.169927"
"P04275_NeuAc 0",NA,NA,NA,NA,NA,NA,NA,NA,NA,"66.84669"
"P02774_NeuAc 2",NA,"100",NA,"74.35363","100",NA,"100","100","100","100"
"P02774_NeuAc 1",NA,NA,NA,"25.64637",NA,NA,NA,NA,NA,NA
"Q9HCH5_NeuAc 1",NA,"100","100",NA,NA,NA,"100",NA,NA,NA
"P08519_NeuAc 2",NA,"50.90867","85.48643",NA,"7.623402",NA,NA,NA,NA,NA
"P08519_NeuAc 1",NA,"49.09133","3.869639",NA,"92.3766",NA,NA,"100","100",NA
"P08519_NeuAc 3",NA,NA,"10.64393",NA,NA,NA,NA,NA,NA,NA
"P05186_NeuAc 1",NA,"100",NA,"100",NA,NA,NA,NA,"88.28604",NA
"P05186_NeuAc 2",NA,NA,NA,NA,NA,NA,NA,NA,"11.71396",NA
"O14791_NeuAc 2",NA,"100",NA,NA,NA,NA,NA,NA,NA,NA
"Q08380_NeuAc 0",NA,NA,"100",NA,"100","11.13505","52.17926",NA,NA,NA
"Q08380_NeuAc 1",NA,NA,NA,NA,NA,"48.55425","47.82074","84.68474",NA,NA
"Q08380_NeuAc 2",NA,NA,NA,NA,NA,"40.31069",NA,"15.31526",NA,NA
"P07357_NeuAc 2",NA,NA,"100","100","100","100","27.85384","100","100","100"
"P07357_NeuAc 1",NA,NA,NA,NA,NA,NA,"72.14616",NA,NA,NA
"P04070_NeuAc 2",NA,NA,"100","100","100","100","100","100",NA,"100"
"Q96KN2_NeuAc 2",NA,NA,"100","100","83.66782","100","31.45624","51.0214","100","100"
"Q96KN2_NeuAc 3",NA,NA,NA,NA,"16.33218",NA,"68.54376","48.9786",NA,NA
"O60271_NeuAc 1",NA,NA,"100",NA,NA,NA,NA,NA,NA,NA
"Q9UGM5_NeuAc 2",NA,NA,"100","100",NA,"92.74515",NA,NA,NA,NA
"Q9UGM5_NeuAc 1",NA,NA,NA,NA,NA,"7.254846",NA,NA,NA,NA
"P02748_NeuAc 2",NA,NA,"100",NA,NA,"100",NA,"100",NA,NA
"Q96PD5_NeuAc 1",NA,NA,NA,"100","14.03493",NA,NA,NA,NA,NA
"Q96PD5_NeuAc 2",NA,NA,NA,NA,"85.96507",NA,"100",NA,NA,NA
"O00192_NeuAc 1",NA,NA,NA,NA,NA,"100",NA,NA,NA,NA
"Q12816_NeuAc 2",NA,NA,NA,NA,NA,NA,"100","100",NA,"100"
"Q13797_NeuAc 1",NA,NA,NA,NA,NA,NA,"100","100",NA,NA
"Q9HDC9_NeuAc 2",NA,NA,NA,NA,NA,NA,NA,"100",NA,"100"
"P11279_NeuAc 1",NA,NA,NA,NA,NA,NA,NA,NA,"100",NA
"P00742_NeuAc 2",NA,NA,NA,NA,NA,NA,NA,NA,NA,"100"
