glycosite_id,healthy_n,mecfs_n,healthy_mean,mecfs_mean,healthy_sd,mecfs_sd,test_used,test_statistic,p_value,fdr_p_value,significant,effect_size,significant_fdr
P01591_71_TRUE,5,5,43.26301,31.652638,3.53810358,5.909462943,Welch's t-test,-3.769286256,0.007921951,0.475317081,TRUE,2.383905944,FALSE
P01871_46_TRUE,5,5,90.262656,81.51477,4.829757035,4.399759923,Welch's t-test,-2.994010512,0.01739808,0.481974483,TRUE,1.893578512,FALSE
P08603_882_TRUE,5,5,6.596054,8.8281472,1.286926609,1.318189977,Welch's t-test,2.709279991,0.026701844,0.481974483,TRUE,1.713499118,FALSE
P02745_146_TRUE,5,5,100,94.48667,0,3.934746961,Welch's t-test,-3.133157172,0.035078282,0.481974483,TRUE,1.981582586,FALSE
P01861_177_TRUE,5,5,90.859288,71.023992,8.808183219,15.99892642,Welch's t-test,-2.428529514,0.049825965,0.481974483,TRUE,1.535936926,FALSE
P0DOX5_299_TRUE,5,5,97.141042,88.265716,0.798213561,7.445174122,Welch's t-test,-2.650407815,0.055637587,0.481974483,FALSE,1.676265085,FALSE
P02675_394_TRUE,5,5,0.347276308,0.75646792,0.256137856,0.316550535,Welch's t-test,2.247011328,0.056230356,0.481974483,FALSE,1.421134745,FALSE
P13473_49_TRUE,4,4,91.2247025,33.198311,10.13371962,42.86706147,Welch's t-test,-2.634654466,0.069874621,0.491459437,FALSE,1.862982039,FALSE
P02765_176_TRUE,5,5,14.154488,18.522334,3.3769753,3.50543423,Welch's t-test,2.006555474,0.07975215,0.491459437,FALSE,1.26905711,FALSE
P10721_486_TRUE,3,4,3.650245333,35.785424,3.329425089,26.67431204,Welch's t-test,2.384805618,0.09376321,0.491459437,FALSE,1.690618191,FALSE
P00734_121_TRUE,4,3,2.332772,0.6440911,1.4389102,0.42707615,Welch's t-test,-2.220385197,0.096637876,0.491459437,FALSE,1.591093915,FALSE
P0C0L4; P0C0L5_1328_TRUE,3,5,1.219431433,3.36157734,0.646920912,2.210748115,Welch's t-test,2.026868797,0.098291887,0.491459437,FALSE,1.315176219,FALSE
P00450_762_TRUE,5,4,16.0567648,26.2505525,9.301785667,8.091992262,Welch's t-test,1.756643108,0.1229785,0.509942682,FALSE,1.169293968,FALSE
P01859_176_TRUE,5,5,98.248096,95.21803,1.703963629,3.514785542,Welch's t-test,-1.734600776,0.135369077,0.509942682,FALSE,1.097057856,FALSE
O75882_1073_TRUE,5,3,17.0363186,54.52702,16.67105639,28.62958673,Welch's t-test,2.067549729,0.135731567,0.509942682,FALSE,1.600372182,FALSE
P08603_911_TRUE,5,5,2.04995958,3.409508,1.482786159,1.140626211,Welch's t-test,1.625044772,0.145286814,0.509942682,FALSE,1.027768556,FALSE
P05543_36_TRUE,4,4,2.46643475,5.020705,1.199296343,2.652549796,Welch's t-test,1.754866567,0.151088029,0.509942682,FALSE,1.24087805,FALSE
P08603_1029_TRUE,5,5,6.2205304,7.5449598,1.609523791,0.825875569,Welch's t-test,1.637061058,0.152982805,0.509942682,FALSE,1.035368322,FALSE
P0DOX2_320_TRUE,5,5,99.608762,99.10883,0.326701597,0.645624521,Welch's t-test,-1.54493657,0.173955512,0.549333196,FALSE,0.97710368,FALSE
P01860_227_TRUE,4,5,26.88411018,59.91197,38.13262513,29.82305081,Welch's t-test,1.419444579,0.20858888,0.605938576,FALSE,0.96485464,FALSE
P43652_109_TRUE,5,5,1.948154,3.717478,1.427220723,2.559437829,Welch's t-test,1.350064193,0.223705849,0.605938576,FALSE,0.853855568,FALSE
P19652_93_TRUE,4,5,11.6237815,21.166597,8.394375945,13.11880594,Welch's t-test,1.322879842,0.228770689,0.605938576,FALSE,0.866511278,FALSE
P02787_432_TRUE,5,4,1.13237614,2.9239805,0.453277825,2.46708964,Welch's t-test,1.433180312,0.242789848,0.605938576,FALSE,1.010096869,FALSE
P02749_253_TRUE,5,5,2.1063418,3.5145586,0.722056602,2.257241903,Welch's t-test,1.328683008,0.243491365,0.605938576,FALSE,0.840332919,FALSE
P02790_453_TRUE,5,5,2.1585316,3.4034916,0.491026982,2.060974079,Welch's t-test,1.313950675,0.252474407,0.605938576,FALSE,0.831015373,FALSE
P00738_241_TRUE,5,5,3.6501554,6.115905,3.063188188,3.642556024,Welch's t-test,1.15847605,0.281027886,0.623168277,FALSE,0.732684587,FALSE
P23142_98_TRUE,5,5,100,87.839396,0,22.10702501,Welch's t-test,-1.230013409,0.286086999,0.623168277,FALSE,0.777928785,FALSE
P02750_325_TRUE,3,3,10.49463333,4.099541,8.036311058,2.4698381,Welch's t-test,-1.317503617,0.300383142,0.623168277,FALSE,1.075737199,FALSE
P01023_1424_TRUE,3,5,58.34147333,30.146364,36.24108843,11.14215191,Welch's t-test,-1.310854644,0.308604323,0.623168277,FALSE,1.051659576,FALSE
P05160_162_TRUE,5,5,52.960798,36.537654,23.52118212,25.45204007,Welch's t-test,-1.059644855,0.320433122,0.623168277,FALSE,0.670178251,FALSE
P43652_402_TRUE,5,5,3.7114044,5.5023602,1.429158646,3.458277294,Welch's t-test,1.070217626,0.330593232,0.623168277,FALSE,0.676865058,FALSE
P05155_238_TRUE,4,5,13.978816,24.2901486,3.768390055,21.26139534,Welch's t-test,1.063761501,0.343349037,0.623168277,FALSE,0.6753384,FALSE
P02790_246_TRUE,3,4,6.983246,6.09089725,1.175897855,1.150795082,Welch's t-test,-1.00270598,0.367980384,0.623168277,FALSE,0.767008662,FALSE
P02787_630_TRUE,5,5,9.7757692,11.2375748,2.107757243,2.703697151,Welch's t-test,0.95347058,0.369873002,0.623168277,FALSE,0.603027743,FALSE
P02765_156_TRUE,5,5,2.2337302,2.8388786,0.470235047,1.300307944,Welch's t-test,0.978614925,0.372471858,0.623168277,FALSE,0.618930423,FALSE
P10643_754_TRUE,5,5,100,99.95748,0,0.09507761,Welch's t-test,-1,0.373900966,0.623168277,FALSE,0.632455532,FALSE
Q03591_126_TRUE,4,4,4.87230975,3.45861325,2.277028716,2.070438518,Welch's t-test,-0.918702858,0.393988643,0.626515063,FALSE,0.649621021,FALSE
P01042_294_TRUE,4,4,9.5734195,11.0723835,2.469985711,2.160828009,Welch's t-test,0.913509785,0.396792873,0.626515063,FALSE,0.645948964,FALSE
P05090_98_TRUE,5,5,59.74558,68.792576,20.25931681,12.99425269,Welch's t-test,0.840506719,0.429124418,0.647822566,FALSE,0.531583124,FALSE
P98161_621_TRUE,5,5,6.7266924,12.9706134,7.017326931,15.02929864,Welch's t-test,0.84174238,0.434020127,0.647822566,FALSE,0.532364625,FALSE
P98161_2645_TRUE,5,5,54.947528,41.509512,26.39590378,26.22338521,Welch's t-test,-0.807584257,0.442678753,0.647822566,FALSE,0.510761131,FALSE
P01042_205_TRUE,4,4,4.61578035,6.30059275,3.858721514,1.591028701,Welch's t-test,0.807316277,0.464844254,0.66406322,FALSE,0.570858814,FALSE
P00738_184_TRUE,5,5,5.7292348,7.454497,3.509546619,3.893552822,Welch's t-test,0.73596651,0.482988107,0.664353475,FALSE,0.46546609,FALSE
P01871_209_TRUE,5,5,89.109952,87.440444,1.661594509,4.693088975,Welch's t-test,-0.749843196,0.487192548,0.664353475,FALSE,0.474242478,FALSE
P02763_93_TRUE,5,5,13.0920888,16.266908,9.332948026,7.218427193,Welch's t-test,0.601685287,0.5650661,0.753421466,FALSE,0.380539188,FALSE
P00734_143_TRUE,4,5,3.6473455,4.69777222,3.226350182,2.872480334,Welch's t-test,0.509378261,0.628230431,0.819430997,FALSE,0.343889858,FALSE
P00450_138_TRUE,5,5,27.13938,28.396122,4.52742822,4.330793509,Welch's t-test,0.44853115,0.66569247,0.849820174,FALSE,0.283676007,FALSE
P02790_187_TRUE,5,5,10.4114716,10.903466,2.670045682,0.769516415,Welch's t-test,0.395913184,0.709640466,0.8720452,FALSE,0.250397483,FALSE
Q14624_517_TRUE,3,4,45.66388067,31.8231855,49.33430263,45.82992653,Welch's t-test,-0.378609785,0.723169876,0.8720452,FALSE,0.29068318,FALSE
P08603_1095_TRUE,5,5,72.46704,67.204186,26.97581683,17.81896882,Welch's t-test,-0.364002591,0.726704333,0.8720452,FALSE,0.230215452,FALSE
P10909_291_TRUE,5,5,1.42371468,1.61842694,0.925484889,1.009371903,Welch's t-test,0.317933785,0.758735307,0.891578361,FALSE,0.201078981,FALSE
P80108_321_TRUE,3,3,21.16477633,16.119438,27.59600161,10.26579713,Welch's t-test,-0.296797292,0.789167505,0.891578361,FALSE,0.242333974,FALSE
P02760_250_TRUE,5,4,24.866713,29.61746875,25.10951349,31.19592257,Welch's t-test,0.24718256,0.813346159,0.891578361,FALSE,0.167772107,FALSE
P05546_49_TRUE,5,4,31.5796182,27.412021,21.52092993,27.85553083,Welch's t-test,-0.246171627,0.814332951,0.891578361,FALSE,0.167436787,FALSE
P27918_428_TRUE,5,5,98.28223,98.686822,2.386152739,2.936355275,Welch's t-test,0.239107311,0.817280164,0.891578361,FALSE,0.151224742,FALSE
P02749_162_TRUE,5,5,18.422852,16.8759992,12.75496545,11.97902254,Welch's t-test,-0.197670216,0.848252276,0.901070252,FALSE,0.125017622,FALSE
P10721_352_TRUE,3,3,87.97250667,90.90372667,20.83222954,15.75520757,Welch's t-test,0.194379529,0.856016739,0.901070252,FALSE,0.158710221,FALSE
P49238_341_TRUE,5,5,85.541264,85.197114,5.499239988,3.125589085,Welch's t-test,-0.121658752,0.906934312,0.938207908,FALSE,0.076943751,FALSE
P55058_64_TRUE,4,4,87.70509,87.33425,24.58982,25.3315,Welch's t-test,-0.021008623,0.983920587,0.994702684,FALSE,0.01485534,FALSE
O95445_135_TRUE,5,4,15.3901946,15.4477365,15.6057938,9.14651308,Welch's t-test,0.006896176,0.994702684,0.994702684,FALSE,0.004498761,FALSE
P02763_56_TRUE,2,3,0.60988455,1.333923867,0.497632266,0.562175401,Insufficient data,NA,NA,NA,FALSE,NA,NA
Q16610_354_TRUE,3,5,100,100,0,0,Wilcoxon rank-sum test,7.5,NA,NA,FALSE,NA,NA
P08185_176_TRUE,5,2,44.2785932,25.384806,35.6096994,30.02675772,Insufficient data,NA,NA,NA,FALSE,NA,NA
P55058_143_TRUE,5,5,100,100,0,0,Wilcoxon rank-sum test,12.5,NA,NA,FALSE,NA,NA
P25311_128_TRUE,2,2,1.506069,2.6085576,0.473289196,2.435252278,Insufficient data,NA,NA,NA,FALSE,NA,NA
P43652_33_TRUE,2,3,1.722094,2.680389667,0.542625259,0.755902063,Insufficient data,NA,NA,NA,FALSE,NA,NA
P17936_199_TRUE,5,4,100,100,0,0,Wilcoxon rank-sum test,10,NA,NA,FALSE,NA,NA
P17936_116_TRUE,5,5,100,100,0,0,Wilcoxon rank-sum test,12.5,NA,NA,FALSE,NA,NA
O75882_731_TRUE,2,4,9.542139,11.16574375,8.408632413,9.977132676,Insufficient data,NA,NA,NA,FALSE,NA,NA
P51884_127_TRUE,5,5,100,100,0,0,Wilcoxon rank-sum test,12.5,NA,NA,FALSE,NA,NA
Q16610_444_TRUE,3,4,100,100,0,0,Wilcoxon rank-sum test,6,NA,NA,FALSE,NA,NA
P10909_374_TRUE,2,4,7.180663,6.0963686,6.072190388,5.072068987,Insufficient data,NA,NA,NA,FALSE,NA,NA
P02751_430_TRUE,2,4,1.597332,1.8619705,0.223254824,1.149707904,Insufficient data,NA,NA,NA,FALSE,NA,NA
P00734_416_TRUE,2,2,87.885285,76.16558,17.13279426,14.05189466,Insufficient data,NA,NA,NA,FALSE,NA,NA
P17936_136_TRUE,4,3,100,100,0,0,Wilcoxon rank-sum test,6,NA,NA,FALSE,NA,NA