"","Feature","P_Value","FDR","Fold_Change","Log2_FC","Mean_Group1","Mean_Group2","SD_Group1","SD_Group2","N_Group1","N_Group2","Significant"
"1","P01031_hexnac(4)hex(5)neuac(2)",0.220582581550954,0.667990647904303,1.03638503262685,0.0515600855178121,96.489236,100,5.41285551431774,0,5,5,FALSE
"2","P01031_hexnac(4)hex(5)neuac(2)fuc(1)",NA,NA,NA,NA,8.7769115,NA,4.97544160741381,NA,2,0,NA
"3","P04114_hexnac(4)hex(5)neuac(1)",0.906720097814792,0.986409855591077,1.01332593844901,0.0190982947221811,61.26758,62.084028,6.75757082975088,13.3141694909679,5,5,FALSE
"4","P04114_hexnac(4)hex(5)",NA,NA,0.875151861645108,-0.192394711048356,1.693153,1.481766,NA,NA,1,1,FALSE
"5","P04114_hexnac(3)hex(5)neuac(1)",0.765953205795231,0.960433511954176,0.807363378507343,-0.308709946320213,12.8085203333333,10.34113025,11.5561921030805,7.33827656979831,3,4,FALSE
"6","P04114_hexnac(4)hex(5)neuac(2)",0.759119745127598,0.955597796807683,0.902945006455839,-0.14728997133344,24.30358,21.9447962,9.12135047290696,13.7908544530669,5,5,FALSE
"7","P04114_hexnac(5)hex(6)neuac(3)",NA,NA,0.930259751184741,-0.104294486814319,3.25168642,3.024913,1.85276606073373,NA,5,1,FALSE
"8","P04114_hexnac(5)hex(5)neuac(1)",NA,NA,1.32138945826926,0.402055740395911,1.906556,2.519303,NA,1.49655897546939,1,2,FALSE
"9","P04114_hexnac(4)hex(4)neuac(1)",NA,NA,0.260494037790559,-1.9406777425311,2.73137,0.7115056,NA,NA,1,1,NA
"10","P04114_hexnac(2)hex(7)",NA,NA,NA,NA,3.949759,NA,NA,NA,1,0,NA
"11","P04114_hexnac(2)hex(8)",NA,NA,0.910512621239616,-0.135249079361688,6.396321,5.823931,NA,NA,1,1,FALSE
"12","P04114_hexnac(3)hex(5)",NA,NA,NA,NA,NA,4.8250365,NA,5.39630590672179,0,2,NA
"13","P04114_hexnac(2)hex(9)",NA,NA,NA,NA,NA,2.158812,NA,NA,0,1,NA
"14","P04114_hexnac(4)hex(4)fuc(1)",NA,NA,NA,NA,NA,10.46409,NA,NA,0,1,NA
"15","P02763_hexnac(4)hex(5)neuac(2)",0.890080062950504,0.986409855591077,0.947930339861973,-0.0771470505615356,20.602658,19.5298846,10.824808267848,12.8457541574403,5,5,FALSE
"16","P02763_hexnac(5)hex(6)neuac(2)",0.433069160252352,0.756575164876933,1.22513827068675,0.2929445828415,8.9370714,10.9491482,2.4027320642667,4.77938812697255,5,5,FALSE
"17","P02763_hexnac(5)hex(6)neuac(3)",0.571775577797587,0.86168995527242,0.921120367436785,-0.11853840202618,59.881212,55.157804,13.6177935681361,11.6127621501273,5,5,FALSE
"18","P02763_hexnac(6)hex(7)neuac(1)",NA,NA,1.23610628496095,0.305802796797034,2.63514233333333,3.257316,0.685456822498203,2.82651086536917,3,2,FALSE
"19","P02763_hexnac(6)hex(7)neuac(2)fuc(1)",0.286572950705363,0.710303659530132,1.50046705167503,0.585411639558034,5.9036294,8.8582014,2.99805675085017,4.85252447301348,5,5,FALSE
"20","P02763_hexnac(5)hex(6)neuac(2)fuc(1)",0.103917524884077,0.667990647904303,1.58253082441712,0.662233600633472,2.35623758,3.7288186,1.21921158192741,1.14442878063526,5,5,FALSE
"21","P10909_hexnac(5)hex(6)neuac(1)",0.296968572709388,0.710303659530132,0.680496866383585,-0.555339576601547,3.4944928,2.3779914,2.04957914811607,0.54914950813945,5,5,FALSE
"22","P10909_hexnac(4)hex(5)neuac(1)",0.394673500858213,0.719830646451626,0.770241184292952,-0.376617829728706,13.8431154,10.6625376,6.24611271670555,4.79991656339746,5,5,FALSE
"23","P10909_hexnac(5)hex(6)neuac(2)",0.940286964399035,0.991511020176392,1.0139368015191,0.0199677322461566,3.9416074,3.9965408,1.47038155543648,0.519929726870565,5,5,FALSE
"24","P10909_hexnac(4)hex(5)neuac(2)",0.811815841608874,0.978343904018673,1.02619067764864,0.0372988246478473,63.560402,65.225092,7.94254246301019,12.7596929721534,5,5,FALSE
"25","P10909_hexnac(4)hex(5)neuac(2)fuc(1)",0.179211956560734,0.667990647904303,2.63878193356612,1.39987213264158,0.551463386,1.45519162,0.712195698883719,1.14359582638257,5,5,FALSE
"26","P10909_hexnac(5)hex(6)neuac(3)",0.743277239048798,0.954197589290406,1.20058452039175,0.263736971962981,11.186265,13.4300566,6.74889510974485,12.9783649051933,5,5,FALSE
"27","P10909_hexnac(2)hex(10)",NA,NA,2.13285304110762,1.09278456381757,0.75318035,1.606423,0.518779708751263,NA,2,1,NA
"28","P10721_hexnac(5)hex(6)neuac(1)",0.77093581128354,0.96291982654481,0.811727309297865,-0.300932943335324,14.34292042,11.6425402,17.3340816724671,9.69533162453101,5,5,FALSE
"29","P10721_hexnac(4)hex(5)neuac(1)",0.343312630430662,0.710303659530132,3.04339249122422,1.60568040306983,6.191254925,18.84241875,6.3542360011561,22.2162905258174,4,4,FALSE
"30","P10721_hexnac(6)hex(7)neuac(1)",NA,NA,1.41162210461257,0.497353926591319,1.207006,1.70383635,NA,1.04713878792187,1,4,FALSE
"31","P10721_hexnac(4)hex(5)",0.875581170144317,0.986409855591077,0.91942781696347,-0.121191779844062,2.6382362,2.42566775,2.16516901563578,1.41077125039211,4,4,FALSE
"32","P10721_hexnac(5)hex(6)neuac(2)",0.83074584530783,0.980402265969902,0.825915303781255,-0.275934251595888,23.30883475,19.2511233333333,34.2523495346907,6.60592234754037,4,3,FALSE
"33","P10721_hexnac(6)hex(7)neuac(2)fuc(1)",NA,NA,3.44775294619519,1.7856563996971,2.478564,8.54547633333333,NA,6.56314287562417,1,3,NA
"34","P10721_hexnac(4)hex(5)neuac(2)",NA,NA,0.323704704145295,-1.62724976363816,30.142245,9.7571865,43.131028396553,0.738563840561194,4,2,NA
"35","P10721_hexnac(4)hex(5)neuac(1)fuc(1)",0.34004160908109,0.710303659530132,1.59603051606455,0.674488236117972,17.69953,28.24899,12.9976673261743,12.8221972398935,3,4,FALSE
"36","P10721_hexnac(4)hex(6)neuac(1)",NA,NA,0.435699369205634,-1.19859507032963,4.3013225,1.8740835,4.38316331063771,0.46749445599333,2,2,NA
"37","P10721_hexnac(5)hex(6)neuac(3)",NA,NA,0.662991020083989,-0.592938765074435,27.12828825,17.9858115,20.4474064276628,11.9635940781173,4,2,NA
"38","P10721_hexnac(3)hex(4)neuac(1)",NA,NA,NA,NA,1.518092,NA,NA,NA,1,0,NA
"39","P10721_hexnac(5)hex(6)neuac(2)fuc(1)",NA,NA,2.52346649354249,1.33540693073343,2.746391,6.93042566666667,NA,4.29394813428159,1,3,NA
"40","P10721_hexnac(4)hex(5)neuac(2)fuc(1)",NA,NA,11.7654595366708,3.55648576549876,0.9986635,11.749735,NA,6.22974956378465,1,3,NA
"41","P10721_hexnac(4)hex(4)neuac(1)",NA,NA,NA,NA,NA,27.17763,NA,NA,0,1,NA
"42","P10721_hexnac(3)hex(6)neuac(1)",NA,NA,NA,NA,NA,1.553858,NA,NA,0,1,NA
"43","P10721_hexnac(3)hex(5)neuac(1)",NA,NA,NA,NA,NA,9.507722,NA,NA,0,1,NA
"44","P01871_hexnac(3)hex(4)neuac(1)fuc(1)",0.726040106134903,0.943558194612566,1.07767876824666,0.107927207291635,5.9010256,6.35941,2.16813245138559,1.80429193694216,5,5,FALSE
"45","P01871_hexnac(5)hex(5)neuac(1)",0.0431400865937451,0.667990647904303,1.77776349113874,0.830063404675498,3.4359998,6.108395,1.55334358042295,1.91962381831415,5,5,FALSE
"46","P01871_hexnac(4)hex(5)fuc(1)",0.576371132261744,0.864556698392615,0.900962229936545,-0.150461468122024,1.24741702,1.12387562,0.38419910936624,0.274680143331152,5,5,FALSE
"47","P01871_hexnac(5)hex(5)fuc(1)",0.0730899633636172,0.667990647904303,1.56228107218727,0.643654034127363,1.1638825,1.8183116,0.561154716524846,0.420461618752889,5,5,FALSE
"48","P01871_hexnac(4)hex(5)neuac(1)fuc(1)",0.0190349386047579,0.603613015827574,0.692648411032852,-0.529804870048973,39.460476,27.332236,6.93037313950916,6.08447473220409,5,5,FALSE
"49","P01871_hexnac(5)hex(5)neuac(1)fuc(1)",0.131424290398162,0.667990647904303,1.16065192920083,0.214935383654538,30.904092,35.868894,3.68569154545928,5.36717218320132,5,5,FALSE
"50","P01871_hexnac(4)hex(5)neuac(1)",0.270681642954307,0.710303659530132,1.54960297542447,0.631898629204818,2.1616546,3.3497064,1.5473588757891,1.62622387843504,5,5,FALSE
"51","P01871_hexnac(5)hex(6)neuac(1)",0.135390161978344,0.667990647904303,1.92989298760273,0.948520852397436,0.751638334,1.45058155,0.598953126124791,0.61999928711605,5,4,FALSE
"52","P01871_hexnac(5)hex(4)neuac(1)fuc(1)",0.918775184217868,0.990926614680084,1.04534066765598,0.0639731810091866,3.4058678,3.56029212,2.76923727089152,1.72207889213566,5,5,FALSE
"53","P01871_hexnac(4)hex(5)neuac(2)fuc(1)",0.713786313106758,0.936746415980181,0.856333791258981,-0.223754838999105,4.296913,3.6795918,2.78183966262625,2.32872920367756,5,5,FALSE
"54","P01871_hexnac(5)hex(5)neuac(2)fuc(1)",0.480284883700249,0.790622808552718,1.2209655532308,0.288022498536514,2.4512952,2.992947,1.40532161425355,0.705697024578773,5,4,FALSE
"55","P00748_hexnac(4)hex(5)neuac(1)",0.715390123241961,0.936746415980181,1.11427592643013,0.156106529267397,4.0026278,4.4600318,1.54283146290099,2.21043478589059,5,5,FALSE
"56","P00748_hexnac(4)hex(5)neuac(2)",0.0688946037211395,0.667990647904303,0.965041014948037,-0.0513378356105933,93.062656,89.80928,1.94719884246063,2.78816100950967,5,5,FALSE
"57","P00748_hexnac(5)hex(6)neuac(3)",0.519126360406018,0.823469473739501,1.56250816706727,0.643863730610988,1.8902134,2.953473875,0.265177228847614,2.91495380715802,5,4,FALSE
"58","P00748_hexnac(4)hex(5)neuac(2)fuc(1)",0.268724073487289,0.710303659530132,1.78121442369408,0.832861199415164,1.53095223333333,2.7269542,1.11540975727571,1.64246506295528,3,5,FALSE
"59","P00748_hexnac(5)hex(6)neuac(2)",NA,NA,NA,NA,NA,1.57466575,NA,1.78080211292415,0,2,NA
"60","P05156_hexnac(4)hex(5)neuac(1)",0.295477566581961,0.710303659530132,1.38592821470902,0.470852533834893,12.1250912,16.804506,3.42498064387606,8.3436217038424,5,5,FALSE
"61","P05156_hexnac(4)hex(5)neuac(2)",0.182717713610689,0.667990647904303,0.933598323794005,-0.0991261240908664,87.666552,81.845346,3.3347966766911,7.83806122497968,5,5,FALSE
"62","P05156_hexnac(4)hex(5)neuac(2)fuc(1)",NA,NA,8.77513257147292,3.13342092128749,0.6829335,5.992832,NA,NA,1,1,NA
"63","Q9Y561_hexnac(4)hex(5)neuac(1)",NA,NA,NA,NA,100,NA,NA,NA,1,0,NA
"64","Q9Y561_hexnac(3)hex(6)",NA,NA,NA,NA,NA,100,NA,NA,0,1,NA
"65","Q9Y561_hexnac(3)hex(5)",NA,NA,NA,NA,NA,100,NA,NA,0,1,NA
"66","P01008_hexnac(4)hex(5)neuac(1)",0.674682587556292,0.916612957486198,1.29098789413593,0.36847547225475,8.3210252,10.7423428,8.09865823719391,8.30822635624956,5,4,FALSE
"67","P01008_hexnac(4)hex(5)neuac(2)",0.615541632790997,0.882093143419242,0.951518213229712,-0.0716968231650452,91.048212,86.634032,8.10440020612075,16.7486952171929,5,5,FALSE
"68","P01008_hexnac(4)hex(5)neuac(2)fuc(1)",NA,NA,7.88923344300666,2.97988512765333,1.426965,11.25766,NA,NA,1,1,NA
"69","P01008_hexnac(5)hex(6)neuac(2)",NA,NA,12.2201492342839,3.61118999855847,0.460484,5.6271832,NA,7.42926943959556,1,2,NA
"70","P00734_hexnac(4)hex(5)neuac(1)",0.222905847025347,0.66871754107604,0.723825297190786,-0.466286565107373,6.8824812,4.981714,2.73870545124292,1.54487301873325,5,5,FALSE
"71","P00734_hexnac(4)hex(5)neuac(2)",0.624584291262599,0.891073588867974,1.01524453747871,0.0218272648652145,89.354892,90.717066,4.03752853980873,4.41646038556105,5,5,FALSE
"72","P00734_hexnac(4)hex(5)neuac(2)fuc(1)",0.923012641088302,0.990926614680084,0.957332660641499,-0.0629077653027212,2.72437775,2.6081358,1.84165428367838,1.55154548719533,4,5,FALSE
"73","O75882_hexnac(4)hex(5)neuac(1)",0.842968650951568,0.98363295343338,0.940028803791881,-0.0892231312342716,6.3990186,6.0152618,3.34446769773215,2.51213759497538,5,5,FALSE
"74","O75882_hexnac(4)hex(5)neuac(2)",0.123318062935573,0.667990647904303,0.785606052334099,-0.348122050623306,67.955006,53.385864,6.93090861707395,16.4404626809111,5,5,FALSE
"75","O75882_hexnac(4)hex(5)neuac(1)fuc(1)",0.372713012606286,0.719830646451626,2.1253938444828,1.08773020352529,7.116705,15.125801,8.8728231258968,12.7645609526393,3,4,FALSE
"76","O75882_hexnac(2)hex(9)",NA,NA,0.473707757074005,-1.0779307983099,4.548661,2.154736,0.850396313539752,1.25870605817601,2,3,NA
"77","O75882_hexnac(2)hex(8)",NA,NA,0.788366324339038,-0.34306194299442,4.026552,3.174398,2.46239188525141,1.45930594197539,2,4,FALSE
"78","O75882_hexnac(2)hex(7)",NA,NA,2.03420029883881,1.0244617420834,3.123423,6.353668,2.09110425658598,2.62429428552573,2,3,NA
"79","O75882_hexnac(3)hex(6)neuac(1)",NA,NA,0.830380437276777,-0.268155638879704,4.05293266666667,3.365476,1.73156637792674,NA,3,1,FALSE
"80","O75882_hexnac(2)hex(5)",0.714460514303409,0.936746415980181,0.841634778490851,-0.248733773194895,7.9028248,6.6512922,6.65152035533679,2.91332528958572,5,5,FALSE
"81","O75882_hexnac(4)hex(5)neuac(2)fuc(1)",0.809751992172967,0.978343904018673,1.19784757251358,0.260444335196957,3.250667,3.893803575,3.37716436977044,3.16548766103333,3,4,FALSE
"82","O75882_hexnac(5)hex(6)neuac(3)",NA,NA,3.50285258102357,1.80853027300965,3.583772,12.553425,2.09285598157685,7.32123511998146,4,2,NA
"83","O75882_hexnac(3)hex(6)",NA,NA,NA,NA,1.218624,NA,NA,NA,1,0,NA
"84","O75882_hexnac(4)hex(3)fuc(1)",NA,NA,NA,NA,6.503846,NA,NA,NA,1,0,NA
"85","O75882_hexnac(2)hex(6)",NA,NA,NA,NA,NA,7.03759566666667,NA,1.14061756293963,0,3,NA
"86","O75882_hexnac(3)hex(5)",NA,NA,NA,NA,NA,5.851574,NA,NA,0,1,NA
"87","P12259_hexnac(4)hex(5)neuac(2)",0.605208004852198,0.882093143419242,1.18256618501195,0.241920929540529,66.15735,78.235445,36.5936025448584,24.3273443851297,4,4,FALSE
"88","P12259_hexnac(5)hex(6)neuac(3)",NA,NA,NA,NA,69.02104,NA,NA,NA,1,0,NA
"89","P12259_hexnac(3)hex(6)",NA,NA,2.79568695556342,1.48320282532688,18.111499,50.6340815,11.7454417991024,69.8139514617049,3,2,NA
"90","P12259_hexnac(3)hex(6)neuac(1)",NA,NA,NA,NA,74.15808,NA,NA,NA,1,0,NA
"91","P12259_hexnac(3)hex(4)neuac(1)fuc(1)",NA,NA,0.201829614160101,-2.30879022040674,37.85698,7.64065966666667,NA,4.52036080265307,1,3,NA
"92","P12259_hexnac(5)hex(6)neuac(1)",NA,NA,NA,NA,NA,12.0489335,NA,5.70996716114765,0,2,NA
"93","P12259_hexnac(5)hex(4)neuac(1)",NA,NA,NA,NA,NA,4.796931,NA,NA,0,1,NA
"94","P12259_hexnac(4)hex(5)neuac(1)",NA,NA,NA,NA,NA,33.97328,NA,NA,0,1,NA
"95","P08571_hexnac(5)hex(6)neuac(1)",NA,NA,1.47624213412058,0.561929372512892,67.739565,100,39.5586201350464,NA,4,1,FALSE
"96","P08571_hexnac(4)hex(5)neuac(1)",0.382092506312922,0.719830646451626,0.664521472325494,-0.589612277602597,42.03038,27.93009,19.3627926844735,18.4701632413126,3,4,FALSE
"97","P08571_hexnac(4)hex(5)neuac(2)",0.517839276338742,0.823469473739501,1.23575880082292,0.305397181095018,34.3168666666667,42.40737,10.2674020338269,19.8678885701576,3,4,FALSE
"98","P08571_hexnac(5)hex(4)neuac(1)fuc(1)",NA,NA,NA,NA,NA,23.85121,NA,7.43365802712232,0,2,NA
"99","P08571_hexnac(2)hex(9)",NA,NA,NA,NA,NA,47.89706,NA,NA,0,1,NA
"100","P08571_hexnac(4)hex(5)neuac(2)fuc(1)",NA,NA,NA,NA,NA,6.172554,NA,NA,0,1,NA
"101","P08571_hexnac(6)hex(7)neuac(2)fuc(1)",NA,NA,NA,NA,NA,16.8781,NA,NA,0,1,NA
"102","Q16610_hexnac(4)hex(5)neuac(1)fuc(1)",NA,NA,1.10124013515658,0.139129095627481,10.33468,11.3809644,NA,6.57797855199675,1,5,FALSE
"103","Q16610_hexnac(4)hex(5)neuac(2)fuc(1)",0.0594748384562241,0.667990647904303,0.90969384701723,-0.136546999801501,97.41633,88.619036,5.16734,6.57797846012968,4,5,FALSE
"104","P43652_hexnac(4)hex(5)neuac(2)",0.316447760982191,0.710303659530132,0.986822965200878,-0.0191368046689679,87.76026,86.60384,2.06300084832751,1.18521082734255,5,5,FALSE
"105","P43652_hexnac(4)hex(5)neuac(1)",0.25956157396797,0.710303659530132,1.17981572743082,0.238561546127955,5.4756712,6.460283,1.47869607457844,1.02122413315516,5,5,FALSE
"106","P43652_hexnac(4)hex(5)neuac(2)fuc(1)",0.286314072137762,0.710303659530132,1.36796970769613,0.452036283556825,2.6278886,3.594872,1.12033007716623,1.51132913303373,5,5,FALSE
"107","P43652_hexnac(5)hex(6)neuac(3)",0.475746653290553,0.787189050032307,0.803372338443049,-0.315859307238195,3.3463308,2.6883496,1.15752450770068,1.57886304015637,5,5,FALSE
"108","P43652_hexnac(5)hex(4)",NA,NA,NA,NA,1.262404,NA,NA,NA,1,0,NA
"109","Q06033_hexnac(4)hex(5)neuac(2)",0.849763555421128,0.98363295343338,0.943614263722168,-0.0837308682920708,69.7760833333333,65.8417075,26.3014683192295,24.6363710369938,3,4,FALSE
"110","Q06033_hexnac(5)hex(6)neuac(3)",NA,NA,1.09777875969818,0.134587330802816,28.35713,31.129855,20.3637277750858,30.2487199516153,2,2,FALSE
"111","Q06033_hexnac(2)hex(10)",NA,NA,0.663008661712041,-0.592900376695232,33.95749,22.51411,NA,NA,1,1,NA
"112","Q06033_hexnac(2)hex(6)",NA,NA,NA,NA,NA,51.85935,NA,NA,0,1,NA
"113","P0DOX5_hexnac(4)hex(5)fuc(1)",0.0143402079682447,0.603613015827574,0.645961427670998,-0.630480075121712,18.010424,11.6340392,3.41008524769983,3.02834932248522,5,5,FALSE
"114","P0DOX5_hexnac(4)hex(5)neuac(1)fuc(1)",0.331068910565356,0.710303659530132,0.762971616141505,-0.390298707570117,7.6303368,5.8217304,3.49495572659686,1.44921766161757,5,5,FALSE
"115","P0DOX5_hexnac(4)hex(5)",0.300658661326097,0.710303659530132,1.47864516174764,0.564275882858506,0.91135366,1.34756868,0.172241909591113,0.813048965675184,5,5,FALSE
"116","P0DOX5_hexnac(4)hex(4)fuc(1)",0.188418781518529,0.667990647904303,0.866556107303454,-0.206634931644007,38.770122,33.596486,4.12581327027412,6.72800185669787,5,5,FALSE
"117","P0DOX5_hexnac(4)hex(3)fuc(1)",0.158942382619094,0.667990647904303,1.21515311504589,0.281138111690887,19.402796,23.577368,4.89055685304138,3.35271306406767,5,5,FALSE
"118","P0DOX5_hexnac(5)hex(5)fuc(1)",0.968379421048184,0.998662434525786,1.01219113654229,0.0174817462618181,1.33352292,1.34978008,0.3495616548714,0.80340372562535,5,5,FALSE
"119","P0DOX5_hexnac(5)hex(4)fuc(1)",0.373982913931333,0.719830646451626,0.864251321213917,-0.210477190895136,8.058309,6.9644042,2.19941405340695,1.31781357214752,5,5,FALSE
"120","P0DOX5_hexnac(4)hex(4)",0.0287419585621319,0.61932067957069,6.05841559689803,2.59894054792831,1.00205156,6.0708448,0.354730527515448,3.40667510638081,5,5,FALSE
"121","P0DOX5_hexnac(5)hex(3)fuc(1)",0.135418074238428,0.667990647904303,1.49185108706646,0.577103536482838,3.3655532,5.0209042,1.61521170982714,1.53558740105577,5,5,FALSE
"122","P0DOX5_hexnac(4)hex(3)",0.0726435747176504,0.667990647904303,7.84114124843094,2.97106364842555,0.329650784,2.58483836,0.286113170501325,2.0882711651757,5,5,FALSE
"123","P01861_hexnac(3)hex(5)",0.0650094368881218,0.667990647904303,3.06232070477486,1.61462537851378,7.2662978,22.2517342,8.05551682501587,12.8945417401772,5,5,FALSE
"124","P01861_hexnac(4)hex(4)fuc(1)",0.0161253466197291,0.603613015827574,0.564298447465309,-0.825469714536325,38.544968,21.7508656,7.31276978602294,9.6773253480472,5,5,FALSE
"125","P01861_hexnac(4)hex(3)fuc(1)",0.165925542589488,0.667990647904303,1.56078931022968,0.642275802145021,13.9385296,21.755108,8.88099437393048,7.17194535380534,5,5,FALSE
"126","P01861_hexnac(4)hex(5)fuc(1)",0.105224637100854,0.667990647904303,0.638222238548513,-0.647869215375928,15.2882244,9.7572848,5.83860821911154,2.59342824445939,5,5,FALSE
"127","P01861_hexnac(5)hex(4)fuc(1)",0.361854688144023,0.719830646451626,0.791162287941458,-0.337954435595848,7.4358476,5.8829622,1.93078172991623,2.98437252732424,5,5,FALSE
"128","P01861_hexnac(4)hex(4)",0.309443524937849,0.710303659530132,10.5485191207116,3.39896857181372,0.265311125,2.798639475,0.131023453302004,4.15069537531831,4,4,FALSE
"129","P01861_hexnac(5)hex(3)fuc(1)",0.864126146006895,0.98363295343338,1.10012538207599,0.137667958105288,4.57303004,5.03090642,4.79147561987209,3.20945890699368,5,5,FALSE
"130","P01861_hexnac(4)hex(5)neuac(1)fuc(1)",0.196808367182146,0.667990647904303,0.606252750888183,-0.722008706417783,9.7477608,5.9096068,5.34147450362924,2.38869899782009,5,5,FALSE
"131","P01861_hexnac(4)hex(5)",0.560397706343609,0.860164100935203,1.74784085630782,0.805573831138445,1.844688675,3.22422223333333,3.29314155199152,2.5579557617598,4,3,FALSE
"132","P01861_hexnac(4)hex(5)neuac(1)",NA,NA,4.12536104863564,2.04452038851769,0.4886807,2.015984325,NA,1.6693471589098,1,4,NA
"133","P0DP01_hexnac(4)hex(5)",NA,NA,NA,NA,100,NA,NA,NA,1,0,NA
"134","P0DP01_hexnac(4)hex(4)fuc(1)",NA,NA,NA,NA,NA,100,NA,NA,0,1,NA
"135","P0DP01_hexnac(4)hex(3)fuc(1)",NA,NA,NA,NA,NA,100,NA,NA,0,1,NA
"136","P13473_hexnac(5)hex(5)",NA,NA,NA,NA,20.7570185,NA,21.9111340920835,NA,2,0,NA
"137","P13473_hexnac(4)hex(5)",NA,NA,0.80077022342343,-0.320539766215513,17.0626465,13.66325925,16.700014501607,14.922596708095,2,4,FALSE
"138","P13473_hexnac(4)hex(4)",NA,NA,0.534071498126623,-0.904895201124593,19.199552,10.2539335,22.1728576463244,6.19755971318264,2,2,NA
"139","P13473_hexnac(4)hex(5)neuac(1)fuc(1)",0.931365005871183,0.991511020176392,0.918389645318541,-0.122821718914491,34.46454,31.6518766666667,21.1842647008591,48.0377496668667,4,3,FALSE
"140","P13473_hexnac(4)hex(5)neuac(2)",0.612034846714017,0.882093143419242,0.611587850818542,-0.709368347014562,32.18676375,19.6850336666667,39.2205924918849,20.9236381623278,4,3,FALSE
"141","P13473_hexnac(3)hex(4)neuac(1)",NA,NA,NA,NA,18.47451,NA,NA,NA,1,0,NA
"142","P13473_hexnac(4)hex(4)neuac(1)",NA,NA,4.60157855330216,2.2021288568989,2.7853985,12.81723,0.278040750323581,NA,2,1,NA
"143","P13473_hexnac(5)hex(6)neuac(3)",NA,NA,NA,NA,30.4755255,NA,41.4409467984854,NA,2,0,NA
"144","P13473_hexnac(5)hex(4)neuac(1)fuc(1)",NA,NA,0.676477433369644,-0.563886286788624,15.8012625,10.6891975,17.1783354695271,13.2264641618995,2,2,FALSE
"145","P13473_hexnac(4)hex(3)",NA,NA,5.41756885334741,2.43764558403683,2.757467,14.9387673333333,NA,21.0962928188089,1,3,NA
"146","P13473_hexnac(4)hex(4)fuc(1)",NA,NA,NA,NA,NA,5.636282,NA,NA,0,1,NA
"147","P13473_hexnac(5)hex(4)",NA,NA,NA,NA,NA,59.6161066666667,NA,29.6403610703536,0,3,NA
"148","P13473_hexnac(4)hex(5)neuac(1)",NA,NA,NA,NA,NA,1.953589,NA,NA,0,1,NA
"149","P13473_hexnac(4)hex(5)fuc(1)",NA,NA,NA,NA,NA,5.378225,NA,NA,0,1,NA
"150","P08185_hexnac(4)hex(5)neuac(2)",NA,NA,1.07685761602546,0.106827506861092,69.28975,74.615195,19.793206012564,30.0267591330009,4,2,FALSE
"151","P08185_hexnac(4)hex(5)neuac(2)fuc(1)",NA,NA,0.573297482269604,-0.802644151670011,44.2785932,25.384806,35.6096993972436,30.0267577187873,5,2,NA
"152","P08185_hexnac(4)hex(5)neuac(1)",NA,NA,NA,NA,1.448028,NA,NA,NA,1,0,NA
"153","P20851_hexnac(4)hex(5)neuac(1)",0.364023757642512,0.719830646451626,1.07552280563616,0.105038116327097,27.777914,29.87578,3.09717240608753,3.75009974013359,5,5,FALSE
"154","P20851_hexnac(4)hex(5)neuac(2)",0.810096564386538,0.978343904018673,0.984783820072759,-0.0221210362458928,61.5182,60.582128,5.14145829401056,6.65451634128432,5,5,FALSE
"155","P20851_hexnac(5)hex(6)neuac(1)",NA,NA,0.865773075648623,-0.207939159470147,2.32377,2.0118575,0.611302435479362,0.405676352754878,3,2,FALSE
"156","P20851_hexnac(4)hex(6)neuac(1)",NA,NA,NA,NA,2.652927,NA,NA,NA,1,0,NA
"157","P20851_hexnac(5)hex(6)neuac(3)",NA,NA,1.55292355260082,0.634986810408839,8.2464362,12.806085,4.04309843215308,1.57159431866178,5,2,NA
"158","P20851_hexnac(5)hex(6)neuac(2)",NA,NA,2.31857536077867,1.21323861946842,2.66299,6.174343,NA,0.634065479117102,1,2,NA
"159","P20851_hexnac(5)hex(4)neuac(1)",NA,NA,NA,NA,NA,2.783532,NA,NA,0,1,NA
"160","P20851_hexnac(5)hex(5)neuac(1)fuc(1)",NA,NA,NA,NA,NA,2.942355,NA,NA,0,1,NA
"161","P01860_hexnac(3)hex(5)",0.116143478617128,0.667990647904303,0.207682679482924,-2.26754719293714,51.07055,10.6064686666667,37.2943598931322,7.69220890256481,4,3,FALSE
"162","P01860_hexnac(4)hex(4)fuc(1)",0.75125602704662,0.954197589290406,1.51898234095866,0.603105097779791,23.1388514,35.1475066666667,30.2398284846336,52.0924969431653,3,3,FALSE
"163","P01860_hexnac(4)hex(3)fuc(1)",NA,NA,0.371912447604749,-1.42696506030902,14.33336,5.330755,NA,NA,1,1,NA
"164","P01860_hexnac(5)hex(5)neuac(1)fuc(1)",NA,NA,NA,NA,6.23745535,NA,7.64954430351163,NA,2,0,NA
"165","P01860_hexnac(4)hex(4)",NA,NA,0.941038111397011,-0.0876749425923552,40.6418715,38.24555,52.0639307661902,7.04998188765049,2,2,FALSE
"166","P01860_hexnac(4)hex(5)neuac(1)fuc(1)",NA,NA,6.42997350910962,2.68481279379663,7.965883,51.2204166666667,NA,33.1624525510257,1,3,NA
"167","P01860_hexnac(4)hex(5)fuc(1)",NA,NA,8.75028954912233,3.12933075685027,3.345719,29.27601,NA,NA,1,1,NA
"168","P01860_hexnac(4)hex(5)",NA,NA,2.91955826607471,1.5457501035052,8.233765,24.0389566666667,NA,9.5292528689102,1,3,NA
"169","P01860_hexnac(4)hex(5)neuac(1)",NA,NA,NA,NA,2.039583,NA,NA,NA,1,0,NA
"170","P01860_hexnac(4)hex(3)",NA,NA,0.414239213987923,-1.27146396202415,48.312133,20.01278,57.7634921439459,NA,2,1,NA
"171","P01860_hexnac(5)hex(4)neuac(1)fuc(1)",NA,NA,NA,NA,NA,5.849316,NA,NA,0,1,NA
"172","P55058_hexnac(4)hex(5)neuac(1)fuc(1)",0.0889168473946238,0.667990647904303,1.52364427894315,0.607526120083635,38.180568,58.173604,8.71846356425374,19.8266425165049,5,5,FALSE
"173","P55058_hexnac(4)hex(5)neuac(2)fuc(1)",0.21762391857518,0.667990647904303,0.669853339628414,-0.578082834170467,45.639868,30.572018,21.4210962702815,12.1146745996486,5,5,FALSE
"174","P55058_hexnac(5)hex(5)neuac(1)fuc(1)",NA,NA,NA,NA,18.231953,NA,16.1788958957556,NA,2,0,NA
"175","P55058_hexnac(4)hex(5)neuac(1)",NA,NA,NA,NA,21.0672,NA,NA,NA,1,0,NA
"176","P55058_hexnac(4)hex(5)neuac(2)",NA,NA,0.718812226596851,-0.47631314638922,18.66063,13.413489,NA,14.3455858010275,1,2,FALSE
"177","P55058_hexnac(5)hex(3)fuc(1)",NA,NA,NA,NA,4.706071,NA,NA,NA,1,0,NA
"178","P55058_hexnac(5)hex(5)",NA,NA,NA,NA,NA,16.78141,NA,NA,0,1,NA
"179","P55058_hexnac(5)hex(6)neuac(3)",NA,NA,NA,NA,NA,2.910681,NA,NA,0,1,NA
"180","P55058_hexnac(4)hex(4)fuc(1)",NA,NA,NA,NA,NA,9.752812,NA,NA,0,1,NA
"181","P02790_hexnac(4)hex(5)neuac(2)",0.0447919821357271,0.667990647904303,0.942562332631513,-0.085340066421369,84.76058,79.89213,2.14828893928401,3.79616559183737,5,5,FALSE
"182","P02790_hexnac(5)hex(6)neuac(3)",0.642659897808036,0.90084640697109,1.1825396237166,0.24188852519825,2.2127152,2.6166234,0.616602746176742,1.72383284107575,5,5,FALSE
"183","P02790_hexnac(4)hex(5)neuac(2)fuc(1)",0.21331393926437,0.667990647904303,1.27570407978248,0.351293711436412,3.9775748,5.0742084,0.947895108898764,1.511275646824,5,5,FALSE
"184","P02790_hexnac(4)hex(5)neuac(1)",0.170786692799587,0.667990647904303,1.38274438810779,0.467534486862744,7.1748438,9.920975,2.0127152856905,3.43884289599961,5,5,FALSE
"185","P01859_hexnac(4)hex(5)fuc(1)",0.0077342040544875,0.603613015827574,0.512960385691864,-0.963080679528033,30.143856,15.462604,7.43913467948591,4.23272089749962,5,5,FALSE
"186","P01859_hexnac(4)hex(4)fuc(1)",0.596045656630079,0.873655962457787,1.11869500055097,0.161816755554234,33.831248,37.846848,14.7962693625647,5.87138671998532,5,5,FALSE
"187","P01859_hexnac(4)hex(3)fuc(1)",0.0206845581747767,0.603613015827574,2.22369725563885,1.15296038629931,10.7134296,23.823424,5.31538465144201,8.22677100288017,5,5,FALSE
"188","P01859_hexnac(5)hex(3)fuc(1)",0.0443582464521306,0.667990647904303,2.40417710841007,1.2655431789165,1.74837502,4.2034032,0.817370257512629,1.93685790828437,5,5,FALSE
"189","P01859_hexnac(5)hex(4)fuc(1)",0.969610683719403,0.998662434525786,0.99175034194598,-0.011951105089345,5.9458222,5.8967712,1.73560562900669,2.17958966232298,5,5,FALSE
"190","P01859_hexnac(5)hex(5)fuc(1)",0.137269992308727,0.667990647904303,0.561173940302477,-0.833480079994611,2.9880838,1.67683476,1.27155341980752,1.2390313886304,5,5,FALSE
"191","P01859_hexnac(4)hex(4)",0.133669047565673,0.667990647904303,2.62785428988215,1.39388528285493,0.804862845,2.11506228,0.94940985015281,1.35967591866499,4,5,FALSE
"192","P01859_hexnac(4)hex(5)neuac(1)fuc(1)",0.138916384244544,0.667990647904303,0.491287267529501,-1.02536124499053,12.1876002,5.9876128,7.49796937547635,1.64986525557777,5,5,FALSE
"193","P98161_hexnac(5)hex(6)neuac(1)",0.640424598198536,0.90084640697109,1.24810539602647,0.319739767456925,20.786666,25.94395,12.7820278369956,19.8421966925678,5,5,FALSE
"194","P98161_hexnac(4)hex(4)neuac(1)",NA,NA,0.561951215099549,-0.831483204279063,9.912384,5.57027623333333,1.29200571159419,4.55565449919532,2,3,NA
"195","P98161_hexnac(5)hex(5)neuac(1)",NA,NA,0.623736786871118,-0.680990745908278,3.2164505,2.0062185,2.94300458624932,0.00505227795157785,2,2,NA
"196","P98161_hexnac(5)hex(5)neuac(1)fuc(1)",0.331417944603326,0.710303659530132,2.06512007808507,1.04622567075914,4.3697982,9.024158,3.27597636975554,9.11225725693083,5,5,FALSE
"197","P98161_hexnac(5)hex(4)neuac(1)fuc(1)",0.38265982101956,0.719830646451626,1.7369851479643,0.796585418383451,3.01876732,5.243554,2.57230549252697,4.03014301528825,5,4,FALSE
"198","P98161_hexnac(5)hex(5)neuac(2)fuc(1)",NA,NA,1.83325117229051,0.874404461924237,1.3372112,2.451444,0.78236081687743,NA,3,1,NA
"199","P98161_hexnac(5)hex(5)",NA,NA,NA,NA,1.258717,NA,NA,NA,1,0,NA
"200","P98161_hexnac(4)hex(5)",0.538517366251849,0.831077281571364,0.632158511333672,-0.661641740849133,35.5715334,22.4868476,32.1944307376738,32.2055262802569,5,5,FALSE
"201","P98161_hexnac(5)hex(6)neuac(2)",0.281596465658024,0.710303659530132,2.25875532742459,1.17552800378605,7.089495,16.0134346,2.8656018763799,15.9407633350041,5,5,FALSE
"202","P98161_hexnac(4)hex(5)neuac(1)",0.884548170136216,0.986409855591077,0.900568547467955,-0.151092002733239,13.5390982,12.192886,14.3351097267321,14.0614136711428,5,5,FALSE
"203","P98161_hexnac(4)hex(5)neuac(2)",0.337847854989496,0.710303659530132,1.51181417089683,0.596280817335605,3.51983058,5.32132975,3.14868501559194,2.07176067310076,5,4,FALSE
"204","P98161_hexnac(4)hex(3)",NA,NA,NA,NA,4.440456,NA,NA,NA,1,0,NA
"205","P98161_hexnac(5)hex(4)neuac(1)",NA,NA,0.147704083725542,-2.75921838057111,3.76639823333333,0.5563124,5.45518159335449,NA,3,1,NA
"206","P98161_hexnac(4)hex(4)fuc(1)",NA,NA,3.78907890002515,1.92184718141165,0.4710835,1.78497255,NA,1.84388480593008,1,2,NA
"207","P98161_hexnac(3)hex(5)neuac(1)",NA,NA,NA,NA,2.001841,NA,NA,NA,1,0,NA
"208","P98161_hexnac(4)hex(5)neuac(2)fuc(1)",NA,NA,NA,NA,4.629984,NA,4.3177467409898,NA,2,0,NA
"209","P98161_hexnac(6)hex(7)neuac(1)",NA,NA,NA,NA,1.37561,NA,NA,NA,1,0,NA
"210","P05155_hexnac(5)hex(5)fuc(1)",NA,NA,NA,NA,1.236307,NA,NA,NA,1,0,NA
"211","P05155_hexnac(4)hex(5)neuac(1)fuc(1)",0.993680279393576,0.998662434525786,1.00357972460255,0.00515522927658578,10.581652,10.6195314,6.5184712432854,7.29575495680521,4,5,FALSE
"212","P05155_hexnac(4)hex(5)neuac(2)fuc(1)",NA,NA,1.67716875317181,0.74602785712856,9.06820595,15.2089116666667,11.7575934373717,23.5005004983437,2,3,NA
"213","P05155_hexnac(4)hex(5)neuac(2)",0.568083456069355,0.860164100935203,0.857114517040048,-0.222440122605115,73.151262,62.6990086,17.7854308181899,34.378898637852,5,5,FALSE
"214","P05155_hexnac(3)hex(4)neuac(1)",0.695797086002364,0.930628602528161,1.18497650135285,0.244858450078936,6.5926774,7.8121678,5.10669738691263,4.36840958661928,5,5,FALSE
"215","P05155_hexnac(4)hex(5)neuac(1)",0.958682762488809,0.998662434525786,1.04167147465313,0.0589003480381034,6.03451966666667,6.285987,6.04485362646196,6.72326373129736,3,5,FALSE
"216","P05155_hexnac(3)hex(4)neuac(1)fuc(1)",NA,NA,NA,NA,1.367029,NA,NA,NA,1,0,NA
"217","P05155_hexnac(5)hex(6)neuac(2)",NA,NA,3.4098051561265,1.7696893027916,1.766132,6.022166,NA,NA,1,1,NA
"218","P05155_hexnac(5)hex(6)neuac(3)",NA,NA,NA,NA,18.34424,NA,NA,NA,1,0,NA
"219","P05155_hexnac(4)hex(5)fuc(1)",NA,NA,NA,NA,NA,4.429369,NA,NA,0,1,NA
"220","P05155_hexnac(5)hex(6)neuac(2)fuc(1)",NA,NA,NA,NA,NA,3.047441,NA,1.03610942433702,0,2,NA
"221","P00736_hexnac(4)hex(5)neuac(1)",0.473102088841608,0.787189050032307,1.20625553922749,0.27053556737361,49.817416,60.092534,21.1273136314187,22.0188152266903,5,5,FALSE
"222","P00736_hexnac(4)hex(5)neuac(2)",0.0041890871745507,0.603613015827574,0.341502419903118,-1.55003229332702,53.6906825,18.335498,11.5742215499341,6.06538365984956,4,5,FALSE
"223","P00736_hexnac(4)hex(4)neuac(1)",NA,NA,0.882926885626303,-0.179634120333727,13.30778,11.74979675,0.558656783544243,5.82887495452272,2,4,FALSE
"224","P00736_hexnac(5)hex(6)neuac(2)",NA,NA,NA,NA,9.534627,NA,NA,NA,1,0,NA
"225","P00736_hexnac(5)hex(6)neuac(1)",NA,NA,NA,NA,NA,3.033901,NA,NA,0,1,NA
"226","P00736_hexnac(5)hex(5)neuac(1)fuc(1)",NA,NA,NA,NA,NA,57.82676,NA,NA,0,1,NA
"227","Q9BXR6_hexnac(4)hex(5)neuac(2)",NA,NA,NA,NA,59.58156,NA,57.1603060179632,NA,2,0,NA
"228","Q9BXR6_hexnac(4)hex(5)neuac(1)",NA,NA,NA,NA,80.83688,NA,NA,NA,1,0,NA
"229","Q9BXR6_hexnac(2)hex(10)",NA,NA,NA,NA,NA,51.871621,NA,68.0638063168325,0,2,NA
"230","Q9BXR6_hexnac(3)hex(5)",NA,NA,NA,NA,NA,96.25676,NA,NA,0,1,NA
"231","Q9BXR6_hexnac(4)hex(5)neuac(2)fuc(1)",NA,NA,NA,NA,NA,100,NA,NA,0,1,NA
"232","P02750_hexnac(4)hex(5)neuac(2)",0.909586658115136,0.986409855591077,1.01841896075239,0.0263311844548205,83.068096,84.598124,23.5109208505607,17.1562371143275,5,5,FALSE
"233","P02750_hexnac(4)hex(5)neuac(2)fuc(1)",0.297911436074329,0.710303659530132,0.248993002143911,-2.00582289843394,9.03924466666667,2.25070866666667,8.46887898466292,1.77117285156964,3,3,FALSE
"234","P02750_hexnac(5)hex(6)neuac(3)",NA,NA,0.778777765979589,-0.360716399027508,28.770895,22.4061333333333,23.3477537470321,15.2659512013675,2,3,FALSE
"235","P02750_hexnac(5)hex(5)fuc(1)",NA,NA,NA,NA,NA,3.038862,NA,NA,0,1,NA
"236","P08603_hexnac(4)hex(5)neuac(1)",0.0803506797713594,0.667990647904303,1.39232761961386,0.477498722378546,10.8505152,15.107472,1.8412618245724,4.06439727499909,5,5,FALSE
"237","P08603_hexnac(4)hex(5)neuac(2)",0.117219023546958,0.667990647904303,0.919066424964392,-0.121758959702134,76.92108,70.695582,1.93980217780061,6.97224667154139,5,5,FALSE
"238","P08603_hexnac(4)hex(5)neuac(1)fuc(1)",0.0619488500331079,0.667990647904303,1.38634898767048,0.471290474939037,1.8602342,2.5789338,0.629622783046881,0.272182794259116,5,5,FALSE
"239","P08603_hexnac(4)hex(5)neuac(2)fuc(1)",0.0105360237524584,0.603613015827574,1.37519440892011,0.459635584425679,2.735214,3.761451,0.512560422430858,0.4602172448654,5,5,FALSE
"240","P08603_hexnac(5)hex(6)neuac(3)",0.0683768336925574,0.667990647904303,0.626731872672211,-0.674079731126288,1.7969306,1.12619368,0.409506126662105,0.56939701918099,5,5,FALSE
"241","P08603_hexnac(5)hex(5)neuac(1)fuc(1)",0.978955739938368,0.998662434525786,0.980490270840367,-0.0284247799008338,3.1947158,3.13238776,2.22990482637852,4.54468280012619,5,5,FALSE
"242","P26927_hexnac(4)hex(5)neuac(2)",0.37390096630006,0.719830646451626,1.03304491683431,0.046902984004815,96.801212,100,7.1527074136106,0,5,5,FALSE
"243","P26927_hexnac(4)hex(5)neuac(1)fuc(1)",NA,NA,NA,NA,15.99394,NA,NA,NA,1,0,NA
"244","P48740_hexnac(4)hex(5)neuac(2)",0.373900966300058,0.719830646451626,0.94299652,-0.0846756480463821,100,94.299652,0,12.746365623405,5,5,FALSE
"245","P48740_hexnac(4)hex(5)neuac(1)fuc(1)",NA,NA,NA,NA,NA,28.50174,NA,NA,0,1,NA
"246","P25311_hexnac(4)hex(5)neuac(1)",0.209149348627524,0.667990647904303,0.64312553919713,-0.636827713323207,7.2454948,4.65976275,2.98979026855785,2.60587898259831,5,4,FALSE
"247","P25311_hexnac(4)hex(5)neuac(2)",0.8608812543829,0.98363295343338,1.01404077871614,0.0201156701603954,87.34017,88.566494,5.63909280789915,13.7987549815583,5,5,FALSE
"248","P25311_hexnac(4)hex(5)neuac(2)fuc(1)",NA,NA,0.599766391543125,-0.737527413148432,3.048691,1.8285024,2.52269253733744,1.53311158773063,2,2,NA
"249","P25311_hexnac(5)hex(6)neuac(3)",0.714691669441436,0.936746415980181,0.868016947793257,-0.204204883716929,4.13664475,3.59067775,2.11676512228406,1.90396735523247,4,4,FALSE
"250","P25311_hexnac(5)hex(6)neuac(2)fuc(1)",NA,NA,NA,NA,2.213864,NA,0.416978040438582,NA,2,0,NA
"251","P25311_hexnac(6)hex(7)neuac(1)",NA,NA,NA,NA,NA,20.50876,NA,NA,0,1,NA
"252","P19823_hexnac(4)hex(5)neuac(2)",0.344825261957784,0.710303659530132,0.93156512,-0.102271472239707,100,93.156512,0,14.2992564266108,5,5,FALSE
"253","P19823_hexnac(4)hex(5)neuac(1)",NA,NA,NA,NA,NA,32.38329,NA,NA,0,1,NA
"254","P19823_hexnac(4)hex(4)neuac(1)",NA,NA,NA,NA,NA,1.834155,NA,NA,0,1,NA
"255","P05543_hexnac(4)hex(5)neuac(1)",0.152957426862959,0.667990647904303,1.6682087199576,0.738299804615623,7.201113,12.0129595,2.17154618775137,5.06668311368963,5,4,FALSE
"256","P05543_hexnac(4)hex(5)neuac(2)",0.291247603688534,0.710303659530132,0.947553809031532,-0.0777202225073744,90.825738,86.062274,2.25762125011482,8.63457706511037,5,5,FALSE
"257","P05543_hexnac(4)hex(5)neuac(2)fuc(1)",0.151088029082616,0.667990647904303,2.03561233476783,1.02546283844704,2.46643475,5.020705,1.19929634314081,2.65254979583633,4,4,FALSE
"258","P05543_hexnac(5)hex(4)neuac(1)",NA,NA,NA,NA,NA,1.553989,NA,NA,0,1,NA
"259","P10643_hexnac(4)hex(5)neuac(1)fuc(1)",0.202861580433831,0.667990647904303,0.710330001858242,-0.49343867388003,28.543112,20.2750288,7.60026530771591,10.786800955539,5,5,FALSE
"260","P10643_hexnac(5)hex(5)neuac(1)fuc(1)",NA,NA,NA,NA,4.08786266666667,NA,2.99672961688927,NA,3,0,NA
"261","P10643_hexnac(4)hex(5)neuac(2)fuc(1)",0.219588785481682,0.667990647904303,1.12137109974658,0.165263793902453,69.00417,77.379282,8.26459292860211,11.2439834562565,5,5,FALSE
"262","P10643_hexnac(5)hex(6)neuac(2)",NA,NA,NA,NA,NA,3.24937,NA,NA,0,1,NA
"263","P10643_hexnac(5)hex(6)neuac(3)",NA,NA,NA,NA,NA,1.643782,NA,NA,0,1,NA
"264","P10643_hexnac(3)hex(6)neuac(1)",NA,NA,NA,NA,NA,3.666633,NA,NA,0,1,NA
"265","P10643_hexnac(5)hex(5)fuc(1)",NA,NA,NA,NA,NA,2.337052,NA,NA,0,1,NA
"266","P05546_hexnac(4)hex(5)neuac(2)",0.565142642221912,0.860164100935203,1.13411588253363,0.181568060575578,68.82038,78.050286,21.6170702772161,26.6794732370081,5,5,FALSE
"267","P05546_hexnac(5)hex(5)neuac(1)fuc(1)",0.882124177334738,0.986409855591077,0.90415245283158,-0.145362043043018,26.4780756,23.940217,21.5530571504228,26.4881321971247,5,4,FALSE
"268","P05546_hexnac(4)hex(5)neuac(2)fuc(1)",NA,NA,NA,NA,23.50771,NA,NA,NA,1,0,NA
"269","P05546_hexnac(5)hex(3)",NA,NA,NA,NA,NA,5.669469,NA,NA,0,1,NA
"270","P05546_hexnac(6)hex(7)neuac(1)",NA,NA,NA,NA,NA,3.279667,NA,NA,0,1,NA
"271","P05546_hexnac(5)hex(5)fuc(1)",NA,NA,NA,NA,NA,5.038561,NA,NA,0,1,NA
"272","P06276_hexnac(4)hex(5)neuac(1)",0.083165559362196,0.667990647904303,0.469880438730487,-1.08963438574364,53.66119,25.2143435,26.4456776719533,14.4175670850763,5,4,FALSE
"273","P06276_hexnac(2)hex(6)",NA,NA,NA,NA,14.78606,NA,NA,NA,1,0,NA
"274","P06276_hexnac(4)hex(5)neuac(2)",0.437940119327292,0.756575164876933,1.17474558284011,0.232348343072804,52.1346025,61.244894,7.76977682102206,22.6162708756114,4,5,FALSE
"275","P06276_hexnac(5)hex(6)neuac(3)",NA,NA,5.14702763566596,2.36373952875218,8.369583,43.078475,NA,18.1278773461773,1,2,NA
"276","P06276_hexnac(2)hex(5)",NA,NA,NA,NA,NA,6.761219,NA,NA,0,1,NA
"277","P01024_hexnac(2)hex(9)",0.909389840950461,0.986409855591077,0.857324004205385,-0.222087556919824,7.617685925,6.530825,13.1661411143139,10.8081454078905,4,3,FALSE
"278","P01024_hexnac(2)hex(8)",0.775889758769807,0.965351211492667,0.729265729726576,-0.455483495555084,6.85565,4.9995906,9.57420743956383,6.76028798051467,4,3,FALSE
"279","P01024_hexnac(3)hex(6)",0.0201698376341243,0.603613015827574,0.349571554625731,-1.51634030040933,2.2056254,0.7710239,0.905571375703373,0.511896624296552,5,5,FALSE
"280","P01024_hexnac(3)hex(5)",0.142163088033334,0.667990647904303,0.610433898213493,-0.712093015698861,20.429584,12.4709106,8.17658161714478,7.22752707158173,5,5,FALSE
"281","P01024_hexnac(2)hex(7)",0.823014514638878,0.978472811848444,0.924596265692394,-0.113104559133695,32.0941638,29.674144,13.8064909214919,18.8226400920362,5,5,FALSE
"282","P01024_hexnac(2)hex(6)",0.105847372158649,0.667990647904303,1.88401882823943,0.913813382823269,20.226214,38.106568,9.08816499222093,18.7933056493016,5,5,FALSE
"283","P01024_hexnac(2)hex(5)",0.845577488535769,0.98363295343338,1.15729156963051,0.210752384814011,4.26623602,4.93727898,3.33677456655149,6.57694155925333,5,5,FALSE
"284","P01024_hexnac(3)hex(6)neuac(1)",0.486735590801638,0.793107231712314,0.778191874556283,-0.361802178311567,8.440056,6.567983,3.28057796090041,4.67322192366214,5,5,FALSE
"285","P01024_hexnac(2)hex(10)",NA,NA,0.408601723119323,-1.2912328067965,2.566044,1.04849,NA,NA,1,1,NA
"286","Q08828_hexnac(5)hex(6)neuac(3)",NA,NA,NA,NA,100,NA,0,NA,4,0,NA
"287","Q08828_hexnac(5)hex(6)neuac(2)",NA,NA,2.66589249148714,1.41461860145999,37.51089,100,NA,0,1,2,NA
"288","Q08828_hexnac(5)hex(5)neuac(2)fuc(1)",NA,NA,NA,NA,62.48911,NA,NA,NA,1,0,NA
"289","Q03591_hexnac(4)hex(5)neuac(1)",0.990838167479344,0.998662434525786,0.996102158814742,-0.00563438426327716,6.6610718,6.635108,3.09539510593546,3.79160830618585,5,5,FALSE
"290","Q03591_hexnac(4)hex(5)neuac(2)",0.531022370916127,0.823469473739501,1.01293501822652,0.0185416253835079,89.44108,90.598002,3.3405269533638,2.04083648116893,5,5,FALSE
"291","Q03591_hexnac(4)hex(5)neuac(2)fuc(1)",0.39398864310005,0.719830646451626,0.709850856670186,-0.494412156107664,4.87230975,3.45861325,2.27702871620823,2.07043851799667,4,4,FALSE
"292","P02749_hexnac(4)hex(5)neuac(1)",0.17336927233966,0.667990647904303,1.24949272125375,0.32134249722958,12.2910728,15.357606,3.8137327385213,2.3952056587024,5,5,FALSE
"293","P02749_hexnac(4)hex(5)neuac(2)",0.386691902814247,0.719830646451626,0.941345721760068,-0.0872034256345036,69.581932,65.500654,6.81502441528789,7.27153268692577,5,5,FALSE
"294","P02749_hexnac(5)hex(6)neuac(2)",0.286107974945569,0.710303659530132,0.729134922772829,-0.455742292126064,1.4882521,1.08513658,0.534099792582388,0.579759131178796,5,5,FALSE
"295","P02749_hexnac(4)hex(5)neuac(1)fuc(1)",0.0511229959627015,0.667990647904303,1.67512032670919,0.744264730502761,0.9829904,1.6466272,0.379143184233107,0.512996279713313,5,5,FALSE
"296","P02749_hexnac(4)hex(5)neuac(2)fuc(1)",0.860533872219421,0.98363295343338,0.924305142898475,-0.113558884510479,9.2298186,8.5311688,5.99622870106155,6.17857010667138,5,5,FALSE
"297","P02749_hexnac(5)hex(6)neuac(3)",0.670182219951355,0.915440394061212,1.25597658375351,0.32880956708177,4.96579672,6.2369244,3.22985629775552,5.49488075284371,5,5,FALSE
"298","P0DOX2_hexnac(5)hex(5)fuc(1)",0.669101292472411,0.915440394061212,0.888019935259307,-0.171336030725365,9.1289106,8.1066546,4.13764211025534,3.04300411557819,5,5,FALSE
"299","P0DOX2_hexnac(4)hex(4)fuc(1)",0.429970216327867,0.756575164876933,1.37890874002518,0.463526978483635,0.846071075,1.1666548,0.645579573467095,0.370002019178671,4,4,FALSE
"300","P0DOX2_hexnac(5)hex(4)fuc(1)",0.0511950008118508,0.667990647904303,2.76371454021752,1.46660860969125,0.56497738,1.5614362,0.424108768156928,0.673971593111777,5,4,FALSE
"301","P0DOX2_hexnac(4)hex(5)neuac(1)fuc(1)",0.244233353940744,0.710303659530132,0.81021768832614,-0.303618513217933,32.858078,26.622196,7.08388411744362,8.50019630681727,5,5,FALSE
"302","P0DOX2_hexnac(4)hex(5)neuac(1)",0.587621083496223,0.869245934572754,1.5895451599642,0.668614004919348,4.20492096,6.68391176,4.54696486488816,8.5529629603221,5,5,FALSE
"303","P0DOX2_hexnac(5)hex(5)neuac(1)fuc(1)",0.939780303562189,0.991511020176392,1.01115141847301,0.0159990549293045,36.389272,36.795064,5.85749589680351,9.96007077186854,5,5,FALSE
"304","P0DOX2_hexnac(5)hex(4)neuac(1)fuc(1)",0.435887406498036,0.756575164876933,0.745258832965409,-0.424186525442642,2.1487178,1.60135092,1.27043069215825,0.747457073578765,5,5,FALSE
"305","P0DOX2_hexnac(4)hex(5)neuac(2)fuc(1)",0.195201220618968,0.667990647904303,0.75736450950747,-0.400940277516664,7.8641422,5.9560222,2.42552744435024,1.75036728251007,5,5,FALSE
"306","P0DOX2_hexnac(5)hex(5)neuac(2)fuc(1)",0.739009709752039,0.954197589290406,0.935715363165167,-0.0958583541823195,3.4791112,3.2554578,1.10672421691752,0.934157206207125,5,5,FALSE
"307","P0DOX2_hexnac(5)hex(5)neuac(1)",0.388918844447559,0.719830646451626,2.68751238505255,1.42627140319055,2.10512496666667,5.65754942,1.27315164389286,8.13414770578161,3,5,FALSE
"308","P0DOX2_hexnac(5)hex(4)",NA,NA,NA,NA,NA,3.478643,NA,NA,0,1,NA
"309","P0DOX2_hexnac(5)hex(6)neuac(2)",NA,NA,NA,NA,NA,2.254082,NA,NA,0,1,NA
"310","Q9Y5Y7_hexnac(4)hex(5)neuac(1)",NA,NA,1,0,100,100,0,0,3,4,FALSE
"311","P80108_hexnac(4)hex(5)neuac(2)",0.475474781773108,0.787189050032307,1.20431577175931,0.268213716534273,64.1560526,77.264146,35.5371773283497,13.7707928521284,5,5,FALSE
"312","P80108_hexnac(4)hex(5)neuac(1)fuc(1)",NA,NA,2.29159542321566,1.19635236152882,2.59663243333333,5.950431,2.32370599633255,2.34559905820283,3,2,NA
"313","P80108_hexnac(4)hex(5)neuac(1)",NA,NA,16.684737284267,4.06045706509539,1.303405,21.74697,NA,13.9164554234475,1,2,NA
"314","P80108_hexnac(5)hex(6)neuac(2)fuc(1)",NA,NA,NA,NA,46.20552,NA,47.2604858122322,NA,2,0,NA
"315","P80108_hexnac(4)hex(4)neuac(1)",NA,NA,NA,NA,8.113487,NA,NA,NA,1,0,NA
"316","P80108_hexnac(5)hex(5)neuac(2)fuc(1)",NA,NA,NA,NA,13.7762545,NA,14.9776890588268,NA,2,0,NA
"317","P80108_hexnac(4)hex(5)fuc(1)",NA,NA,16.5121558171371,4.04545658483277,0.3908787,6.45425,NA,NA,1,1,NA
"318","P80108_hexnac(4)hex(5)neuac(2)fuc(1)",NA,NA,5.37394730835306,2.42598217577043,4.16195,22.3661,NA,NA,1,1,NA
"319","P80108_hexnac(6)hex(7)neuac(1)",NA,NA,NA,NA,37.49658,NA,NA,NA,1,0,NA
"320","P80108_hexnac(5)hex(6)neuac(2)",NA,NA,NA,NA,NA,7.319634,NA,0.209836765744233,0,2,NA
"321","P80108_hexnac(4)hex(6)neuac(1)",NA,NA,NA,NA,NA,10.58592,NA,NA,0,1,NA
"322","P80108_hexnac(5)hex(6)neuac(3)",NA,NA,NA,NA,NA,4.238929,NA,NA,0,1,NA
"323","P29622_hexnac(4)hex(5)neuac(1)",0.829789838323742,0.980402265969902,0.858004734731194,-0.220942485910366,52.2099333333333,44.79637,27.1174593821183,47.8846677350893,3,3,FALSE
"324","P29622_hexnac(6)hex(7)neuac(2)fuc(1)",NA,NA,NA,NA,36.02795,NA,NA,NA,1,0,NA
"325","P29622_hexnac(5)hex(5)neuac(1)fuc(1)",NA,NA,NA,NA,11.86341,NA,NA,NA,1,0,NA
"326","P29622_hexnac(4)hex(4)neuac(1)",NA,NA,1.61670016120548,0.693052136416431,22.006075,35.577225,12.4931272546649,8.03282495816073,2,2,NA
"327","P29622_hexnac(2)hex(9)",NA,NA,24.7179057785266,4.62748461115064,3.504042,86.61258,NA,NA,1,1,NA
"328","P29622_hexnac(3)hex(5)",NA,NA,0.992673270808708,-0.0106091486836691,11.65834,11.5729225,NA,8.16016428285071,1,2,FALSE
"329","P29622_hexnac(4)hex(5)",NA,NA,0.415924671194757,-1.26560583174805,63.30115,26.32851,51.9000113934959,NA,2,1,NA
"330","P29622_hexnac(5)hex(6)neuac(1)",NA,NA,NA,NA,5.23199,NA,NA,NA,1,0,NA
"331","P29622_hexnac(4)hex(4)",NA,NA,NA,NA,4.470014,NA,NA,NA,1,0,NA
"332","P29622_hexnac(3)hex(5)neuac(1)",NA,NA,NA,NA,NA,14.58132,NA,NA,0,1,NA
"333","P29622_hexnac(3)hex(6)neuac(1)",NA,NA,NA,NA,NA,10.9125,NA,NA,0,1,NA
"334","P29622_hexnac(4)hex(5)neuac(2)",NA,NA,NA,NA,NA,53.679175,NA,23.2265697868723,0,2,NA
"335","P29622_hexnac(4)hex(6)neuac(1)",NA,NA,NA,NA,NA,4.541177,NA,NA,0,1,NA
"336","P29622_hexnac(5)hex(4)neuac(1)",NA,NA,NA,NA,NA,1.524833,NA,NA,0,1,NA
"337","P29622_hexnac(4)hex(3)",NA,NA,NA,NA,NA,6.063894,NA,NA,0,1,NA
"338","P29622_hexnac(5)hex(3)",NA,NA,NA,NA,NA,13.38742,NA,NA,0,1,NA
"339","P03951_hexnac(4)hex(5)neuac(2)",0.456485416026524,0.771220097602706,0.887659281775954,-0.171922074639239,88.667708,78.706714,15.517935579808,23.5962629810788,5,5,FALSE
"340","P03951_hexnac(2)hex(8)",NA,NA,0.952208079354115,-0.0706512248729003,28.33073,26.97675,0.262647742803931,NA,2,1,FALSE
"341","P03951_hexnac(4)hex(4)",NA,NA,NA,NA,NA,17.54855,NA,NA,0,1,NA
"342","P03951_hexnac(5)hex(6)neuac(1)",NA,NA,NA,NA,NA,30.970565,NA,3.8108317890521,0,2,NA
"343","P04278_hexnac(4)hex(5)neuac(2)",0.218966315065179,0.667990647904303,0.96673528,-0.048807202615928,100,96.673528,0,5.1068121840851,5,5,FALSE
"344","P04278_hexnac(4)hex(5)neuac(2)fuc(1)",NA,NA,NA,NA,NA,8.31618,NA,4.61817095647184,0,2,NA
"345","P01011_hexnac(4)hex(5)neuac(2)",NA,NA,1.27205201784333,0.347157667752898,69.7756725,88.758285,17.8721709595829,3.32684548160115,4,2,FALSE
"346","P01011_hexnac(3)hex(4)neuac(1)",NA,NA,NA,NA,8.517562,NA,NA,NA,1,0,NA
"347","P01011_hexnac(5)hex(5)neuac(1)fuc(1)",NA,NA,NA,NA,25.7629432,NA,18.8682702354408,NA,5,0,NA
"348","P01011_hexnac(5)hex(6)neuac(3)",0.688833547526027,0.925169743748345,1.52344420045424,0.607336659064628,18.20917825,27.740667,21.4931355028756,32.7918426316496,4,3,FALSE
"349","P01011_hexnac(4)hex(4)fuc(1)",NA,NA,NA,NA,2.54435,NA,NA,NA,1,0,NA
"350","P01011_hexnac(4)hex(5)neuac(1)",NA,NA,0.929803902056071,-0.105001614540132,3.1653825,2.943185,1.74149722893851,NA,2,1,FALSE
"351","P01011_hexnac(4)hex(5)neuac(2)fuc(1)",NA,NA,1.0379707218522,0.0537657500210749,1.853191,1.923558,NA,NA,1,1,FALSE
"352","P01011_hexnac(4)hex(5)",NA,NA,NA,NA,NA,34.39469,NA,NA,0,1,NA
"353","Q68D85_hexnac(4)hex(5)neuac(2)fuc(1)",NA,NA,0.5231786,-0.934624564573714,100,52.31786,0,NA,3,1,NA
"354","Q68D85_hexnac(4)hex(6)neuac(1)",NA,NA,NA,NA,31.26096,NA,NA,NA,1,0,NA
"355","Q68D85_hexnac(5)hex(6)neuac(2)fuc(1)",NA,NA,NA,NA,45.76383,NA,NA,NA,1,0,NA
"356","Q68D85_hexnac(4)hex(5)neuac(2)",NA,NA,1.02615516303381,0.0372488947016474,61.487605,63.0958233333333,54.4647513284698,32.1040588793292,2,3,FALSE
"357","Q68D85_hexnac(4)hex(5)neuac(1)",NA,NA,NA,NA,NA,58.39467,NA,NA,0,1,NA
"358","P02751_hexnac(4)hex(5)neuac(2)",0.207098295976766,0.667990647904303,0.914303121697677,-0.129255549220764,42.28084,38.657504,3.06636379465157,4.92497428192067,5,5,FALSE
"359","P02751_hexnac(4)hex(5)neuac(1)",0.298650438733092,0.710303659530132,1.06424570438086,0.0898312669756799,52.125664,55.474514,2.99793397066713,5.85549911068049,5,5,FALSE
"360","P02751_hexnac(4)hex(5)neuac(1)fuc(1)",NA,NA,1.28201756649189,0.358416030222725,0.9553985,1.22483766,NA,0.537720565950427,1,5,FALSE
"361","P02751_hexnac(4)hex(4)neuac(1)",0.264049502040597,0.710303659530132,0.519393428461645,-0.945100334212921,4.32087138,2.2442322,3.45316864401175,1.3579788471702,5,5,FALSE
"362","P02751_hexnac(3)hex(4)neuac(1)",0.136098368252695,0.667990647904303,2.56484411904427,1.35887114726875,0.747637833333333,1.9175745,0.0716233491430227,1.1569921436361,3,4,FALSE
"363","P02751_hexnac(5)hex(5)neuac(1)fuc(1)",NA,NA,NA,NA,NA,1.078028,NA,NA,0,1,NA
"364","P22792_hexnac(5)hex(6)neuac(2)",NA,NA,1.53121720332022,0.614678943795863,3.437848,5.264092,NA,4.24977398032789,1,2,NA
"365","P22792_hexnac(4)hex(5)neuac(2)",0.97835047233414,0.998662434525786,1.00336424924058,0.00484543962486956,80.240785,80.510735,13.5690922746402,13.4225603500587,4,4,FALSE
"366","P22792_hexnac(5)hex(6)neuac(3)",0.127680298432402,0.667990647904303,0.643139830799372,-0.636795653961022,25.19967,16.2069115,3.28512976104446,8.6110337821957,3,4,FALSE
"367","P22792_hexnac(4)hex(5)neuac(1)",NA,NA,NA,NA,NA,2.601224,NA,NA,0,1,NA
"368","P03952_hexnac(4)hex(5)neuac(1)",0.863367191311526,0.98363295343338,0.95891501825627,-0.0605251296677151,19.70282,18.89333,6.14800271122663,8.09137104718045,5,5,FALSE
"369","P03952_hexnac(4)hex(5)neuac(2)",0.781733393521012,0.96886648386195,1.0168006535071,0.0240368626891298,79.76654,81.10667,6.60229184838492,8.09137104718045,5,5,FALSE
"370","P03952_hexnac(4)hex(5)",NA,NA,NA,NA,2.653192,NA,NA,NA,1,0,NA
"371","P00738_hexnac(4)hex(5)neuac(1)",0.18263519685103,0.667990647904303,1.3575507063331,0.44100608562381,20.0716348,27.248262,8.55062553297273,6.83571873815548,5,5,FALSE
"372","P00738_hexnac(4)hex(5)neuac(2)",0.657063607161298,0.915440394061212,1.10370646218029,0.142356529121362,33.201364,36.64456,9.31710191273714,13.7554124625854,5,5,FALSE
"373","P00738_hexnac(5)hex(6)neuac(1)",0.349619869799878,0.710303659530132,0.715906056598506,-0.482157809872012,9.2989522,6.6571762,4.62987057791146,3.70350137523387,5,5,FALSE
"374","P00738_hexnac(5)hex(6)neuac(2)",0.516701203725165,0.823469473739501,0.83400797793048,-0.261866910659043,11.6871412,9.747169,3.45058088530623,5.32627009340148,5,5,FALSE
"375","P00738_hexnac(4)hex(5)neuac(2)fuc(1)",0.172962874855419,0.667990647904303,1.82399018922681,0.867097969638676,1.40607878,2.5646739,0.599738077751732,1.52756556689829,5,5,FALSE
"376","P00738_hexnac(5)hex(6)neuac(3)",0.0722464318306546,0.667990647904303,0.555284259601632,-0.84870159381909,19.839752,11.016702,6.67254729168853,6.80572406266706,5,5,FALSE
"377","P00738_hexnac(4)hex(5)neuac(1)fuc(1)",NA,NA,1.25968802400883,0.333066478213117,0.9658115,1.21662118,0.374625879779414,0.459101409318161,2,5,FALSE
"378","P00738_hexnac(5)hex(5)neuac(1)fuc(1)",0.583567702984631,0.867246447491049,0.714837051676515,-0.484313680311246,2.20638815,1.577208,1.65929558438874,1.58164359045649,4,5,FALSE
"379","P49908_hexnac(4)hex(5)neuac(2)",0.438389347872615,0.756575164876933,1.03296633240529,0.0467932330379448,89.661172,92.616972,6.22794110531482,5.16376449972014,5,5,FALSE
"380","P49908_hexnac(4)hex(5)neuac(1)",0.094504673572563,0.667990647904303,1.6882836903344,0.755557347321249,2.8877318,4.8753105,0.954167084217801,1.67976847604553,5,4,FALSE
"381","P49908_hexnac(5)hex(6)neuac(3)",NA,NA,0.705986352194818,-0.502287800641854,10.3072006666667,7.276743,2.52299944129231,4.31289457425729,3,2,FALSE
"382","P49908_hexnac(4)hex(5)neuac(1)fuc(1)",NA,NA,1.19163011744631,0.252936492061398,2.400416,2.860408,NA,NA,1,1,FALSE
"383","P49908_hexnac(4)hex(5)neuac(2)fuc(1)",NA,NA,NA,NA,1.411354,NA,NA,NA,1,0,NA
"384","P49908_hexnac(5)hex(6)neuac(2)",NA,NA,NA,NA,2.522113,NA,NA,NA,1,0,NA
"385","P17936_hexnac(4)hex(5)neuac(2)fuc(1)",0.326275091055997,0.710303659530132,1.08064655257641,0.111894737480077,78.39115,84.713126,6.02403096033296,11.76698892994,5,5,FALSE
"386","P17936_hexnac(4)hex(5)neuac(1)fuc(1)",0.662630390261588,0.915440394061212,0.884294698699838,-0.177400854794641,21.60885,19.1085915,6.02403096033296,9.34054857497116,5,4,FALSE
"387","P01591_hexnac(4)hex(5)neuac(1)fuc(1)",0.687077139751682,0.925169743748345,0.924332429234163,-0.11351629545811,9.5700416,8.8458998,3.31485736619124,1.94181069165527,5,5,FALSE
"388","P01591_hexnac(4)hex(5)neuac(1)",0.0915740114555631,0.667990647904303,1.26590604535341,0.340170332939466,19.79785,25.062218,3.12136538497978,5.09047458562755,5,5,FALSE
"389","P01591_hexnac(5)hex(5)neuac(1)",0.026654793499698,0.61932067957069,1.4091493794769,0.494824555300785,7.0407048,9.9214048,0.950949798889616,1.96268493057691,5,5,FALSE
"390","P01591_hexnac(4)hex(5)neuac(2)",0.150140271716993,0.667990647904303,1.1035097256678,0.142099344715739,28.56719,31.524172,2.95361891295238,2.92132614993944,5,5,FALSE
"391","P01591_hexnac(4)hex(5)neuac(2)fuc(1)",0.0693078798979648,0.667990647904303,0.6718079545004,-0.573879217072707,27.088414,18.198212,3.57551146985015,8.07685939522411,5,5,FALSE
"392","P01591_hexnac(5)hex(5)neuac(1)fuc(1)",0.967197453043331,0.998662434525786,0.981639055453432,-0.0267354457356686,3.4911058,3.4270058,1.73386783597617,2.87290059426718,5,5,FALSE
"393","P01591_hexnac(5)hex(6)neuac(1)",0.717880430938083,0.936746415980181,1.23694237808104,0.306778295146137,1.462617175,1.80917316666667,0.481021196684224,1.41327275073783,4,3,FALSE
"394","P01591_hexnac(5)hex(5)neuac(2)fuc(1)",0.0490248705713327,0.667990647904303,0.460496971489002,-1.11873642658848,3.1134442,1.433731625,1.24794668858918,0.8598526487091,5,4,FALSE
"395","P01591_hexnac(5)hex(5)",NA,NA,NA,NA,NA,1.6900045,NA,0.723170125934762,0,2,NA
"396","P05090_hexnac(4)hex(5)neuac(1)",0.29399378681462,0.710303659530132,0.715843794530893,-0.482283285947551,22.633164,16.20181,11.5277334609489,4.26458792519864,5,5,FALSE
"397","P05090_hexnac(5)hex(6)neuac(2)",0.0113438887103925,0.603613015827574,0.50052650214155,-0.998481635224816,14.821972,7.4187898,3.95925953083654,2.97283089072692,5,5,FALSE
"398","P05090_hexnac(4)hex(5)neuac(2)",0.207493670413714,0.667990647904303,0.694114299172705,-0.526754845236533,17.391132,12.0714334,6.03028620125695,6.23378830570583,5,5,FALSE
"399","P05090_hexnac(6)hex(7)neuac(1)",NA,NA,0.387764509391635,-1.36674732978145,3.23004032,1.252495,2.89008733066599,0.339756323078762,5,2,NA
"400","P05090_hexnac(5)hex(6)neuac(1)",0.93985033476419,0.991511020176392,1.03732043875946,0.0528616260681696,4.2580598,4.41697246,2.28664155234597,3.91014650143609,5,5,FALSE
"401","P05090_hexnac(4)hex(5)neuac(1)fuc(1)",0.399436051081112,0.720331305601332,1.27123571647439,0.346231564141909,16.722412,21.2581274,8.08521674722886,8.03051934467901,5,5,FALSE
"402","P05090_hexnac(5)hex(6)neuac(3)",0.995551336598914,0.998662434525786,1.00184026098784,0.00265249550698546,7.7092326,7.7234196,1.56500619184536,5.16678552109552,5,5,FALSE
"403","P05090_hexnac(6)hex(7)neuac(2)fuc(1)",0.0279326152759493,0.61932067957069,2.20893776934703,1.14335277536178,2.27192966666667,5.01855125,0.806251192651728,1.4857451318041,3,4,FALSE
"404","P05090_hexnac(5)hex(6)neuac(2)fuc(1)",0.228786880567341,0.680005450575152,1.69240118518387,0.759071601122606,5.876219,9.94492,5.17415940036904,3.14392094444382,4,5,FALSE
"405","P05090_hexnac(4)hex(5)neuac(2)fuc(1)",0.172940265821783,0.667990647904303,1.67750888944256,0.746320411564485,5.8016855,9.732379,3.84105476771069,3.81941809308257,4,5,FALSE
"406","P05090_hexnac(4)hex(5)",0.0685844740343058,0.667990647904303,2.4044346631423,1.26569772370113,1.292431875,3.107568,0.938149278473227,1.30063916333675,4,4,FALSE
"407","P05090_hexnac(4)hex(5)fuc(1)",NA,NA,1.02253233831045,0.0321464701424553,3.7363965,3.82058625,2.8234992975881,1.37403332788944,2,4,FALSE
"408","P05090_hexnac(3)hex(4)neuac(1)fuc(1)",NA,NA,NA,NA,NA,1.20339176666667,NA,0.283846569568955,0,3,NA
"409","P05090_hexnac(3)hex(4)neuac(1)",NA,NA,NA,NA,NA,1.520646,NA,NA,0,1,NA
"410","Q6EMK4_hexnac(4)hex(5)neuac(2)",0.292536231547006,0.710303659530132,0.722508,-0.468914532884524,100,72.2508,0,33.9513832634386,5,3,FALSE
"411","Q6EMK4_hexnac(4)hex(5)neuac(2)fuc(1)",NA,NA,NA,NA,NA,33.387215,NA,22.2687512253483,0,2,NA
"412","Q6EMK4_hexnac(4)hex(5)neuac(1)fuc(1)",NA,NA,NA,NA,NA,16.47316,NA,NA,0,1,NA
"413","P0C0L4; P0C0L5_hexnac(2)hex(9)",0.580105533382506,0.866111052166439,0.944093365923179,-0.0829985532095198,35.341888,33.366042,4.44575826911113,6.20136612486475,5,5,FALSE
"414","P0C0L4; P0C0L5_hexnac(2)hex(10)",0.891607395816573,0.986409855591077,1.03909347913082,0.0553254480939445,1.5962964,1.65870118,0.609357707176827,0.780405504259908,5,5,FALSE
"415","P0C0L4; P0C0L5_hexnac(2)hex(8)",0.341168761955353,0.710303659530132,0.794948751160736,-0.331066239307323,5.3496236,4.2526766,2.21701683885019,0.684629751483457,5,5,FALSE
"416","P0C0L4; P0C0L5_hexnac(4)hex(5)neuac(1)",0.266629290552906,0.710303659530132,1.35980237344446,0.443396992968868,1.9399822,2.6379924,0.292152597604745,1.19538729337726,5,5,FALSE
"417","P0C0L4; P0C0L5_hexnac(4)hex(5)neuac(2)",0.743752347261103,0.954197589290406,1.02119151947961,0.0302534619964198,54.797392,55.958632,5.22491398552838,5.61673527703327,5,5,FALSE
"418","P0C0L4; P0C0L5_hexnac(4)hex(5)neuac(2)fuc(1)",NA,NA,3.64580393173301,1.86623697653818,0.5463138,1.991753,0.382811630721142,0.417393188733357,2,3,NA
"419","P0C0L4; P0C0L5_hexnac(2)hex(7)",NA,NA,NA,NA,1.133127,NA,NA,NA,1,0,NA
"420","P00450_hexnac(4)hex(5)neuac(1)",0.205176203474121,0.667990647904303,1.33746752582007,0.419503862798185,2.3072946,3.0859316,0.569903136122535,1.08608199350592,5,5,FALSE
"421","P00450_hexnac(5)hex(6)neuac(3)",0.443836230813395,0.761879305299999,0.801060280750897,-0.320017283629005,14.4034304,11.538016,4.96574735762411,6.18988425860367,5,5,FALSE
"422","P00450_hexnac(4)hex(5)neuac(2)fuc(1)",0.920647955851429,0.990926614680084,1.01298171723398,0.0186081359417162,19.069434,19.316988,3.62647610587468,3.9781093339261,5,5,FALSE
"423","P00450_hexnac(4)hex(5)neuac(2)",0.567408604568697,0.860164100935203,1.0460427968885,0.0649418779670106,59.712098,62.46141,5.57163682991543,8.58662357472074,5,5,FALSE
"424","P00450_hexnac(5)hex(5)",0.0289402186715276,0.61932067957069,0.375923877950257,-1.41148753942571,2.930084,1.10148854,0.991979606756779,0.948287680824869,4,5,FALSE
"425","P00450_hexnac(5)hex(5)neuac(1)fuc(1)",NA,NA,NA,NA,NA,1.031642,NA,NA,0,1,NA
"426","P06681_hexnac(2)hex(8)",0.325526764039349,0.710303659530132,1.56676287519197,0.647786848814244,4.66928475,7.315662,2.6658496785896,4.07985555419739,4,4,FALSE
"427","P06681_hexnac(2)hex(7)",0.819858287168296,0.978343904018673,0.931937621383902,-0.101694702595636,28.079815,26.168636,13.0858950653302,10.3450392511643,4,5,FALSE
"428","P06681_hexnac(4)hex(5)neuac(2)",0.632209702242036,0.897961568228733,0.770970942704311,-0.375251607777356,25.5226986,19.677259,18.5451754502126,16.4328293965985,5,4,FALSE
"429","P06681_hexnac(2)hex(6)",0.525557616077462,0.823469473739501,1.08693807249532,0.120269746207945,37.036984,40.256908,5.02462127654214,9.44303599397037,5,5,FALSE
"430","P06681_hexnac(3)hex(6)neuac(1)",0.473507819517261,0.787189050032307,0.803046171511912,-0.316445156339913,7.006456,5.62650766666667,2.79471154308938,2.21443099786318,5,3,FALSE
"431","P06681_hexnac(4)hex(5)neuac(1)",NA,NA,1.64360249759821,0.716861427921577,2.05680266666667,3.380566,0.227648924531467,1.75583664735419,3,2,NA
"432","P06681_hexnac(2)hex(5)",NA,NA,3.87593259925001,1.9545434831438,2.09513,8.12058266666667,NA,5.24120747027642,1,3,NA
"433","P06681_hexnac(3)hex(5)neuac(1)",NA,NA,1.56366001665832,0.644926864563089,2.1648845,3.38514333333333,0.0310568369364944,2.15616326471381,2,3,NA
"434","P06681_hexnac(5)hex(4)neuac(1)fuc(1)",NA,NA,NA,NA,4.811822,NA,NA,NA,1,0,NA
"435","P06681_hexnac(5)hex(6)neuac(3)",NA,NA,NA,NA,3.765774,NA,NA,NA,1,0,NA
"436","P06681_hexnac(3)hex(4)neuac(1)",NA,NA,NA,NA,NA,1.742761,NA,NA,0,1,NA
"437","P23142_hexnac(4)hex(5)neuac(1)fuc(1)",0.984131269366202,0.998662434525786,0.988987438233145,-0.0159758983861317,28.09557,27.7861658,15.2873853830617,29.6587108484419,5,5,FALSE
"438","P23142_hexnac(5)hex(6)neuac(2)fuc(1)",0.755034852584932,0.954197589290406,0.90524477885035,-0.143620144145235,25.08196,22.7053133333333,8.89416274217815,10.1724093524854,5,3,FALSE
"439","P23142_hexnac(4)hex(5)neuac(2)fuc(1)",0.973662105029461,0.998662434525786,0.991618725657256,-0.0121425794552843,46.822474,46.430042,16.9038822720826,19.4203065840764,5,5,FALSE
"440","P23142_hexnac(4)hex(5)",NA,NA,NA,NA,NA,50.9658,NA,NA,0,1,NA
"441","P23142_hexnac(4)hex(4)neuac(1)",NA,NA,NA,NA,NA,9.837219,NA,NA,0,1,NA
"442","P01042_hexnac(4)hex(5)neuac(1)",0.527343192771249,0.823469473739501,1.43335082563055,0.51939176553297,2.424066975,3.4745384,2.65782797180516,1.77648021639373,4,5,FALSE
"443","P01042_hexnac(5)hex(6)neuac(2)fuc(1)",0.16548747639854,0.667990647904303,1.681270400341,0.74955177327059,1.631674625,2.74328625,0.976920345301104,1.01396543470849,4,4,FALSE
"444","P01042_hexnac(5)hex(6)neuac(2)",0.310154978748146,0.710303659530132,0.626899251323503,-0.673694488056008,2.7879999,1.74779505,1.47198657284878,1.14827093558591,4,4,FALSE
"445","P01042_hexnac(4)hex(5)neuac(2)",0.529045789156235,0.823469473739501,1.10740004573345,0.147176486561429,54.069828,59.87693,8.17235254567924,17.5624086785127,5,5,FALSE
"446","P01042_hexnac(5)hex(6)neuac(3)",0.348495329224678,0.710303659530132,0.793143981948357,-0.334345308166797,37.778722,29.963966,6.99919663403737,15.5692915075391,5,5,FALSE
"447","P01042_hexnac(4)hex(5)neuac(2)fuc(1)",0.263117245618161,0.710303659530132,1.29906341470138,0.377471858685817,2.97492925,3.86462175,1.14677593632798,0.852492531486884,4,4,FALSE
"448","Q15762_hexnac(4)hex(5)fuc(1)",NA,NA,NA,NA,100,NA,NA,NA,1,0,NA
"449","Q15762_hexnac(4)hex(4)fuc(1)",NA,NA,NA,NA,100,NA,NA,NA,1,0,NA
"450","Q02985_hexnac(4)hex(5)neuac(2)",0.385539076407943,0.719830646451626,0.894959367817226,-0.160105911034796,94.507352,84.58024,12.2819343044783,17.8361714240865,5,4,FALSE
"451","Q02985_hexnac(4)hex(5)neuac(2)fuc(1)",NA,NA,1.04508790659806,0.0636242983627637,27.46324,28.7015,NA,4.84324304492351,1,2,FALSE
"452","Q02985_hexnac(4)hex(6)neuac(1)",NA,NA,NA,NA,NA,4.276039,NA,NA,0,1,NA
"453","Q04756_hexnac(4)hex(5)neuac(2)",NA,NA,1,0,100,100,0,0,2,2,FALSE
"454","P13671_hexnac(4)hex(5)neuac(2)",0.373900966300062,0.719830646451626,0.99221782,-0.0112712269585601,100,99.221782,0,1.74014834931393,5,5,FALSE
"455","P13671_hexnac(4)hex(5)neuac(1)",NA,NA,NA,NA,NA,3.891088,NA,NA,0,1,NA
"456","P04004_hexnac(4)hex(5)neuac(1)",0.346577227237415,0.710303659530132,2.40722202885347,1.26736921416518,3.740694,9.004681,4.52418597768932,7.26869580820597,4,3,FALSE
"457","P04004_hexnac(4)hex(5)neuac(2)",0.216642438434198,0.667990647904303,1.23147734388113,0.300390086082101,64.140774,78.98791,20.1122795654565,13.9813032471333,5,5,FALSE
"458","P04004_hexnac(4)hex(5)neuac(2)fuc(1)",NA,NA,NA,NA,3.1260128,NA,3.51039066383142,NA,4,0,NA
"459","P04004_hexnac(5)hex(6)neuac(3)",NA,NA,0.780793368621483,-0.356987294929094,9.9619468,7.778222,4.46867840382559,NA,5,1,FALSE
"460","P04004_hexnac(5)hex(6)neuac(2)",NA,NA,1.42919961313312,0.515207428515942,1.940796775,2.773786,1.82187947352678,NA,4,1,FALSE
"461","P04004_hexnac(3)hex(5)neuac(1)",0.212219946988547,0.667990647904303,0.286482776179282,-1.80347969052191,23.0558116666667,6.60509293333333,16.0768170797443,4.97449871942275,3,3,FALSE
"462","P04004_hexnac(5)hex(4)fuc(1)",NA,NA,NA,NA,18.61546,NA,NA,NA,1,0,NA
"463","P04004_hexnac(4)hex(4)",NA,NA,1.03715256912165,0.0526281357372905,3.730886,3.869498,NA,NA,1,1,FALSE
"464","P04004_hexnac(4)hex(3)fuc(1)",NA,NA,NA,NA,1.860573,NA,NA,NA,1,0,NA
"465","P04004_hexnac(5)hex(4)neuac(1)",NA,NA,NA,NA,NA,3.85751685,NA,4.90380412443705,0,2,NA
"466","P04004_hexnac(3)hex(4)neuac(1)",NA,NA,NA,NA,NA,13.54484,NA,NA,0,1,NA
"467","P04004_hexnac(3)hex(6)neuac(1)",NA,NA,NA,NA,NA,9.595961,NA,NA,0,1,NA
"468","P04004_hexnac(4)hex(5)fuc(1)",NA,NA,NA,NA,NA,12.95379,NA,NA,0,1,NA
"469","P05160_hexnac(4)hex(5)neuac(1)",0.342483031415333,0.710303659530132,1.60928790690856,0.686422452047811,3.34841965,5.38857125,3.53248524451619,1.30748432964921,4,4,FALSE
"470","P05160_hexnac(4)hex(5)neuac(2)",0.976138748342811,0.998662434525786,1.0096258657869,0.0138207765706569,37.244442,37.602952,11.3790246180426,23.0255243527714,5,5,FALSE
"471","P05160_hexnac(5)hex(3)fuc(1)",0.390954821180535,0.719830646451626,0.642882930385101,-0.637372049604687,45.395699,29.18412,30.9101866859354,15.7213798080925,4,5,FALSE
"472","P05160_hexnac(5)hex(4)neuac(1)fuc(1)",NA,NA,2.14996050782878,1.10431015949713,8.2009925,17.63181,4.49613493264076,NA,2,1,NA
"473","P05160_hexnac(2)hex(10)",NA,NA,0.615529674804752,-0.700099683893863,39.61374,24.3834325,NA,30.3907803496098,1,4,NA
"474","P05160_hexnac(4)hex(3)fuc(1)",NA,NA,0.243617524339582,-2.03731017934237,62.78559,15.29567,NA,NA,1,1,NA
"475","P05160_hexnac(4)hex(6)neuac(1)",NA,NA,NA,NA,NA,14.04915,NA,NA,0,1,NA
"476","P43251_hexnac(4)hex(5)neuac(2)",0.993991148963957,0.998662434525786,1.00223966359554,0.00322753860981161,70.9005586,71.059352,39.0088273123453,23.1851023324099,5,5,FALSE
"477","P43251_hexnac(5)hex(6)neuac(3)",NA,NA,2.02072835020728,1.01487539091605,10.65449,21.52983,NA,3.82335465014691,1,2,NA
"478","P43251_hexnac(5)hex(6)neuac(1)",NA,NA,NA,NA,22.566966,NA,30.0294305824202,NA,2,0,NA
"479","P43251_hexnac(5)hex(5)neuac(1)fuc(1)",NA,NA,0.698447688175004,-0.517776029126182,89.70878,62.65689,NA,NA,1,1,FALSE
"480","P43251_hexnac(4)hex(5)neuac(1)",NA,NA,NA,NA,NA,34.55383,NA,NA,0,1,NA
"481","P43251_hexnac(5)hex(5)neuac(2)fuc(1)",NA,NA,NA,NA,NA,3.786917,NA,NA,0,1,NA
"482","P07358_hexnac(4)hex(5)neuac(2)",0.0743657200021578,0.667990647904303,0.908348613963435,-0.138682000992501,98.164582,89.167662,4.10411941512671,8.31570319732914,5,5,FALSE
"483","P07358_hexnac(4)hex(5)neuac(1)",NA,NA,1.30667358135025,0.385898788124421,9.177089,11.99145975,NA,6.34564097157728,1,4,FALSE
"484","P07358_hexnac(5)hex(5)neuac(1)fuc(1)",NA,NA,NA,NA,NA,6.195849,NA,NA,0,1,NA
"485","P51884_hexnac(4)hex(5)neuac(1)fuc(1)",0.887752766748678,0.986409855591077,1.04090119271564,0.0578331276722555,61.17049,63.672436,33.1177076849123,18.7876724848418,5,5,FALSE
"486","P51884_hexnac(5)hex(6)neuac(2)fuc(1)",NA,NA,0.339895920197018,-1.55683504970932,41.0764933333333,13.9617325,25.5129015504986,10.7902196712028,3,2,NA
"487","P51884_hexnac(4)hex(5)neuac(2)fuc(1)",0.186266926835047,0.667990647904303,1.77663766458334,0.829149481698584,16.758911,29.7745125,9.63723411714082,12.8390269584118,3,4,FALSE
"488","P51884_hexnac(4)hex(5)fuc(1)",NA,NA,1.32057388855588,0.401165025223969,6.5338005,8.62836633333333,3.26133698807169,4.02380207842313,2,3,FALSE
"489","P51884_hexnac(5)hex(5)fuc(1)",NA,NA,NA,NA,5.385832,NA,NA,NA,1,0,NA
"490","P51884_hexnac(6)hex(7)neuac(2)fuc(1)",NA,NA,1.99533662629159,0.996632159035654,2.187901,4.365599,NA,1.06448844789317,1,2,NA
"491","P0DOX6_hexnac(3)hex(6)",0.638397964956572,0.90084640697109,1.33784472258825,0.419910678795708,0.902336975,1.20718676,0.230971330643183,1.32512828468634,4,5,FALSE
"492","P0DOX6_hexnac(3)hex(5)",0.862284486547686,0.98363295343338,0.897688844342883,-0.15571262822105,6.4069592,5.7514558,5.16397040179102,6.33325250839513,5,5,FALSE
"493","P0DOX6_hexnac(2)hex(5)",0.285540904392483,0.710303659530132,1.45827761255046,0.54426539190409,2.2925318,3.3431478,1.35081005637421,1.54238221613117,5,5,FALSE
"494","P0DOX6_hexnac(2)hex(6)",0.391743477361626,0.719830646451626,1.10392821344817,0.142646359190709,42.27087,46.664006,6.20741838204096,8.81442523218218,5,5,FALSE
"495","P0DOX6_hexnac(2)hex(8)",0.149404829847454,0.667990647904303,0.802420338290077,-0.31756992166611,29.64379,23.78678,5.12953074602833,6.36231876939532,5,5,FALSE
"496","P0DOX6_hexnac(2)hex(7)",0.880482760724812,0.986409855591077,0.977129115916511,-0.033378885216824,14.89158,14.5509964,3.04730149661139,3.83464576446571,5,5,FALSE
"497","P0DOX6_hexnac(2)hex(9)",0.594605758665324,0.873655962457787,1.21589507711351,0.282018740081695,3.3742724,4.1027612,1.58496745799426,2.45147977784127,5,5,FALSE
"498","P02675_hexnac(4)hex(5)",0.316660832040082,0.710303659530132,0.878359878282485,-0.187115938455078,1.651036,1.45020378,0.159381395628536,0.374585796446945,5,5,FALSE
"499","P02675_hexnac(4)hex(5)neuac(1)",0.0392535910654986,0.667990647904303,1.09376026504357,0.129296556837964,58.517774,64.004416,2.57577838535849,4.06535219676352,5,5,FALSE
"500","P02675_hexnac(4)hex(5)neuac(2)",0.00828537050073269,0.603613015827574,0.827025032023667,-0.273997097981904,37.992214,31.420512,2.33940651573855,3.3324428354842,5,5,FALSE
"501","P02675_hexnac(5)hex(4)neuac(1)",0.90497134906725,0.986409855591077,0.86697878707811,-0.205931400346378,1.15646963333333,1.00263464,1.66915691679935,1.65617946268382,3,5,FALSE
"502","P00747_hexnac(4)hex(5)neuac(2)",0.816679108362901,0.978343904018673,1.00612361357389,0.00880756730473195,97.961766,98.561646,4.55762977805131,3.21625731970873,5,5,FALSE
"503","P00747_hexnac(4)hex(5)neuac(1)",NA,NA,0.705686295096638,-0.502901102734062,10.19117,7.191769,NA,NA,1,1,FALSE
"504","P26045_hexnac(4)hex(5)neuac(1)",NA,NA,0.2650535,-1.91564450353416,100,26.50535,NA,NA,1,1,NA
"505","P26045_hexnac(5)hex(4)neuac(1)fuc(1)",NA,NA,NA,NA,68.35508,NA,NA,NA,1,0,NA
"506","P26045_hexnac(4)hex(6)neuac(1)",NA,NA,NA,NA,65.82246,NA,48.3343405965489,NA,2,0,NA
"507","P26045_hexnac(3)hex(6)neuac(1)",NA,NA,NA,NA,NA,86.747325,NA,18.7421127227229,0,2,NA
"508","P26045_hexnac(6)hex(7)neuac(1)",NA,NA,NA,NA,NA,100,NA,NA,0,1,NA
"509","P26045_hexnac(4)hex(5)neuac(1)fuc(1)",NA,NA,NA,NA,NA,100,NA,NA,0,1,NA
"510","P19652_hexnac(6)hex(7)neuac(1)",NA,NA,0.816854077240661,-0.291849716447803,13.67052,11.16682,3.28733942573626,NA,2,1,FALSE
"511","P19652_hexnac(6)hex(7)neuac(2)fuc(1)",0.202243544540096,0.667990647904303,1.94096020260026,0.956770537371588,10.1784665,19.7559984,6.38514544772059,13.1503847496255,4,5,FALSE
"512","P19652_hexnac(5)hex(6)neuac(2)fuc(1)",NA,NA,0.406658417028986,-1.29811061973322,5.781264,2.35099966666667,NA,2.1329446176667,1,3,NA
"513","P19652_hexnac(5)hex(6)neuac(2)",0.48657712320741,0.793107231712314,1.25935465621514,0.332684628338701,9.8749754,12.43609625,5.16949463337141,5.18734490703959,5,4,FALSE
"514","P19652_hexnac(5)hex(6)neuac(3)",0.152617882544409,0.667990647904303,0.861966640603334,-0.214296058945874,75.104236,64.737346,12.0445821522741,7.94316792937364,5,5,FALSE
"515","P19652_hexnac(4)hex(5)neuac(2)",NA,NA,3.77392832859804,1.91606702469829,1.267786,4.7845335,NA,2.72990381560312,1,2,NA
"516","P27169_hexnac(4)hex(5)neuac(2)",0.994999405801635,0.998662434525786,1.00174945726464,0.00252172813475278,68.5079133333333,68.627765,27.9428942504536,13.3493035940619,3,4,FALSE
"517","P27169_hexnac(5)hex(6)neuac(3)",0.19584313731148,0.667990647904303,0.522566975136578,-0.9363121418945,71.1811725,37.19693,34.4589073371723,36.2686192109784,4,5,FALSE
"518","P27169_hexnac(4)hex(5)neuac(1)",NA,NA,1.37131107816368,0.455555879663257,9.751562,13.372425,NA,3.33456708765171,1,2,FALSE
"519","P27169_hexnac(3)hex(5)neuac(1)",NA,NA,NA,NA,NA,4.2762655,NA,4.23836905505414,0,2,NA
"520","P27169_hexnac(3)hex(6)neuac(1)",NA,NA,NA,NA,NA,4.206898,NA,NA,0,1,NA
"521","P01019_hexnac(4)hex(5)neuac(2)",0.078347310978878,0.667990647904303,0.815860980525535,-0.293604751260411,74.569236,60.83813,11.3834415995309,10.0481870578304,5,5,FALSE
"522","P01019_hexnac(4)hex(5)neuac(1)",0.200325056668944,0.667990647904303,1.37425042499462,0.458644925537244,24.102658,33.123088,8.41906428201911,11.5934558801925,5,5,FALSE
"523","P01019_hexnac(5)hex(6)neuac(3)",NA,NA,0.334643118148232,-1.57930474894066,6.640531,2.222208,NA,1.21421548038229,1,2,NA
"524","P01019_hexnac(4)hex(5)neuac(1)fuc(1)",NA,NA,NA,NA,NA,1.47198,NA,NA,0,1,NA
"525","P01019_hexnac(4)hex(5)neuac(2)fuc(1)",NA,NA,NA,NA,NA,2.43301613333333,NA,2.61927911330623,0,3,NA
"526","P01019_hexnac(3)hex(4)neuac(1)",NA,NA,NA,NA,NA,3.5745,NA,NA,0,1,NA
"527","P01019_hexnac(5)hex(6)neuac(1)",NA,NA,NA,NA,NA,1.888906,NA,0.319985617476786,0,2,NA
"528","P01019_hexnac(5)hex(6)neuac(2)",NA,NA,NA,NA,NA,3.5922015,NA,2.30235311457224,0,2,NA
"529","P01019_hexnac(4)hex(5)",NA,NA,NA,NA,NA,2.080658,NA,NA,0,1,NA
"530","O95445_hexnac(5)hex(5)neuac(1)fuc(1)",0.308476484122003,0.710303659530132,1.58993408606636,0.668966956908179,8.0365102,12.7775215,3.25947974325769,7.55943562904328,5,4,FALSE
"531","O95445_hexnac(4)hex(4)neuac(1)",0.160397578211507,0.667990647904303,1.74474544153661,0.803016562496611,4.886186,8.52515075,2.42110830071092,3.72230345350272,4,4,FALSE
"532","O95445_hexnac(4)hex(5)neuac(1)",0.999492863976787,0.999492863976787,1.00014018564694,0.000202230963033342,36.751266,36.756418,8.71908181391711,15.0964144507502,5,5,FALSE
"533","O95445_hexnac(3)hex(5)neuac(1)",0.802733590638652,0.978343904018673,1.06134781487612,0.0858975201234358,31.5979225,33.536386,13.9004916956017,4.03230045816033,4,5,FALSE
"534","O95445_hexnac(3)hex(4)neuac(1)fuc(1)",NA,NA,0.392075533932082,-1.35079647643538,17.723743,6.949046,18.4015870674662,NA,2,1,NA
"535","O95445_hexnac(5)hex(4)neuac(1)",NA,NA,1.71870667975803,0.781323350652873,5.51440633333333,9.477647,0.511071529961642,11.1508801920538,3,2,NA
"536","O95445_hexnac(3)hex(6)neuac(1)",NA,NA,1.27683266478645,0.352569465133593,7.6124055,9.719768,0.864492487222706,4.84195893900888,2,2,FALSE
"537","O95445_hexnac(4)hex(5)neuac(2)",NA,NA,NA,NA,17.8547826666667,NA,9.8526568655912,NA,3,0,NA
"538","O95445_hexnac(4)hex(3)fuc(1)",NA,NA,2.38037119133705,1.25118656266988,1.320936,3.144318,NA,NA,1,1,NA
"539","O95445_hexnac(5)hex(6)neuac(3)",NA,NA,NA,NA,8.023891,NA,NA,NA,1,0,NA
"540","O95445_hexnac(5)hex(6)neuac(2)",NA,NA,NA,NA,NA,8.607349,NA,NA,0,1,NA
"541","O95445_hexnac(4)hex(4)",NA,NA,NA,NA,NA,6.22975,NA,NA,0,1,NA
"542","P02765_hexnac(4)hex(5)neuac(2)",0.665966944376518,0.915440394061212,0.991840157579897,-0.0118204565812327,83.34058,82.660534,2.44469674973196,2.35329797506181,5,5,FALSE
"543","P02765_hexnac(4)hex(5)neuac(2)fuc(1)",0.102295988225176,0.667990647904303,1.33195439419837,0.413544685719809,5.7771948,7.69496,1.05831181286103,1.96773487604479,5,5,FALSE
"544","P02765_hexnac(4)hex(5)neuac(1)",0.244751466963864,0.710303659530132,1.16167088504086,0.216201394238955,4.353573,5.057419,0.783292098138683,0.973009472615246,5,5,FALSE
"545","P02765_hexnac(5)hex(6)neuac(3)",0.19497823746993,0.667990647904303,0.63707363546156,-0.650467960434756,4.8802546,3.10908154,1.98741361194098,1.97263351212554,5,5,FALSE
"546","P02787_hexnac(5)hex(6)neuac(1)",0.746352040820352,0.954197589290406,1.05854918706253,0.0820883078740658,1.00943434,1.0685359,0.266404799785792,0.291054187046553,5,5,FALSE
"547","P02787_hexnac(4)hex(5)neuac(1)",0.321227243436175,0.710303659530132,1.12516283550548,0.170133805865654,6.5590732,7.3800254,0.657116182550468,1.5475529164595,5,5,FALSE
"548","P02787_hexnac(5)hex(6)neuac(2)",0.326769917479929,0.710303659530132,1.15398081039529,0.206619233534751,1.6686326,1.92557,0.321493689529515,0.442110545981432,5,5,FALSE
"549","P02787_hexnac(4)hex(5)neuac(2)",0.376898727624482,0.719830646451626,0.983250036755268,-0.0243697597892068,80.274206,78.929616,2.71758865525671,1.63774275770953,5,5,FALSE
"550","P02787_hexnac(3)hex(4)neuac(1)",0.200070642554455,0.667990647904303,1.38180939013743,0.46655862088601,0.95644138,1.32161968,0.115399303840695,0.529193735128929,5,5,FALSE
"551","P02787_hexnac(4)hex(5)neuac(2)fuc(1)",0.818001217604676,0.978343904018673,1.04313145225594,0.0609209733591011,5.9741508,6.2318246,1.2604218683761,2.05017368028755,5,5,FALSE
"552","P02787_hexnac(5)hex(6)neuac(3)",0.448112768883327,0.765128717082702,0.64479019729584,-0.633098284055261,1.51031196,0.973834346666667,0.595942187353864,0.959864517082651,5,3,FALSE
"553","Q9UM54_hexnac(4)hex(5)neuac(2)",NA,NA,1,0,100,100,0,0,3,2,FALSE
"554","Q14624_hexnac(5)hex(4)neuac(1)fuc(1)",NA,NA,3.34428754719417,1.74169889797983,29.901735,100,4.82493605035859,NA,2,1,NA
"555","Q14624_hexnac(4)hex(5)neuac(2)",0.274392557892152,0.710303659530132,0.865691136829629,-0.208075706015036,85.645595,74.1426325,16.9960950734171,5.670797507843,4,4,FALSE
"556","Q14624_hexnac(5)hex(5)neuac(1)fuc(1)",NA,NA,NA,NA,73.51001,NA,NA,NA,1,0,NA
"557","Q14624_hexnac(4)hex(5)neuac(1)",NA,NA,1.53203238989154,0.615446798726273,5.369206,8.2257975,NA,4.61841057029627,1,4,NA
"558","Q14624_hexnac(4)hex(5)neuac(2)fuc(1)",NA,NA,2.63335919811227,1.39690432274772,3.35076,8.82375466666667,NA,7.26950784618672,1,3,NA
"559","Q14624_hexnac(5)hex(6)neuac(3)",NA,NA,0.922947961010138,-0.115678788846324,15.38417,14.1987883333333,NA,6.40687966063499,1,3,FALSE
"560","Q14624_hexnac(2)hex(10)",NA,NA,NA,NA,NA,1.095335,NA,NA,0,1,NA
"561","Q9NZP8_hexnac(4)hex(5)neuac(2)",0.212728757787001,0.667990647904303,0.95620658,-0.0646057614662321,100,95.620658,0,6.61219275848942,5,5,FALSE
"562","Q9NZP8_hexnac(4)hex(5)neuac(1)",NA,NA,NA,NA,NA,7.008522,NA,NA,0,1,NA
"563","Q9NZP8_hexnac(4)hex(3)",NA,NA,NA,NA,NA,14.88819,NA,NA,0,1,NA
"564","P04196_hexnac(4)hex(5)neuac(1)",0.662189452021945,0.915440394061212,1.05274310734615,0.0741534297410778,38.440056,40.467504,5.35963094521255,8.35921575403638,5,5,FALSE
"565","P04196_hexnac(4)hex(5)neuac(2)",0.432968089098482,0.756575164876933,0.935583819105868,-0.0960611843487826,59.502472,55.66955,6.31883258742626,8.1924357240933,5,5,FALSE
"566","P04196_hexnac(3)hex(6)neuac(1)",0.115861016562003,0.667990647904303,1.70117355268353,0.766530331373686,0.9513676,1.6184414,0.255587556709281,0.615672875075912,4,4,FALSE
"567","P04196_hexnac(4)hex(5)",NA,NA,0.728708803522087,-0.456585674906112,1.2438533,0.90640685,0.477425346471027,0.441469603043794,2,2,FALSE
"568","P04196_hexnac(3)hex(5)neuac(1)",NA,NA,1.14355477792303,0.193525474577835,1.99708725,2.28377866666667,1.42749691681107,1.05952903525686,2,3,FALSE
"569","P04196_hexnac(4)hex(5)neuac(1)fuc(1)",NA,NA,NA,NA,NA,4.176816,NA,NA,0,1,NA
"570","P02760_hexnac(5)hex(5)neuac(1)fuc(1)",0.813346158688519,0.978343904018673,1.19104880287153,0.252232528414669,24.866713,29.61746875,25.1095134920814,31.1959225684107,5,4,FALSE
"571","P02760_hexnac(4)hex(5)neuac(2)",0.813256113408096,0.978343904018673,1.06106203132749,0.0855090009016631,71.132026,75.475492,25.4518070749835,30.5161670280971,5,5,FALSE
"572","P02760_hexnac(4)hex(5)neuac(1)",NA,NA,0.522723696805851,-0.935879531936671,4.41240375,2.306468,2.49360226697207,NA,4,1,NA
"573","P02760_hexnac(5)hex(6)neuac(1)",NA,NA,0.783386557880953,-0.352203721570452,2.356682,1.846193,NA,NA,1,1,FALSE
"574","P49238_hexnac(5)hex(5)neuac(1)fuc(1)",0.308846205361342,0.710303659530132,0.832416110824561,-0.264623207202664,13.64896,11.3616142,3.72771984619311,2.83657882284773,5,5,FALSE
"575","P49238_hexnac(4)hex(5)neuac(2)fuc(1)",0.607453445658685,0.882093143419242,1.09599643800777,0.132243109542163,27.831616,30.503352,5.99964011108833,9.33593934424491,5,5,FALSE
"576","P49238_hexnac(5)hex(5)neuac(2)fuc(1)",0.754506736609419,0.954197589290406,1.03777741159092,0.0534970394278997,27.284188,28.314914,4.06562763426141,5.81169575877213,5,5,FALSE
"577","P49238_hexnac(5)hex(5)",NA,NA,0.526497707331766,-0.925500845931324,1.43182513333333,0.75385265,0.862086046261772,0.198048093620325,3,2,NA
"578","P49238_hexnac(5)hex(5)fuc(1)",0.522902095059609,0.823469473739501,1.22753964737123,0.295769621804439,1.7536913,2.1527256,1.05306703563758,0.815381016205492,5,5,FALSE
"579","P49238_hexnac(5)hex(4)fuc(1)",0.454815299206622,0.771220097602706,1.59111607274009,0.670039084857086,2.5256938,4.018672,0.96744163163609,3.43588627726132,5,4,FALSE
"580","P49238_hexnac(5)hex(5)neuac(1)",0.0526341625548647,0.667990647904303,2.50876499032864,1.32697733197979,1.760391275,4.416408,1.03715116812631,2.17108538901226,4,5,FALSE
"581","P49238_hexnac(4)hex(5)neuac(1)fuc(1)",0.143939576467914,0.667990647904303,0.772623000727609,-0.372163468130708,9.003463,6.9562826,2.16523825244925,1.80032740230501,5,5,FALSE
"582","P49238_hexnac(4)hex(5)neuac(1)",0.274697169510983,0.710303659530132,1.18506250287328,0.244963152125496,4.0720048,4.8255802,0.787735858335584,1.18315239844903,5,5,FALSE
"583","P49238_hexnac(5)hex(4)neuac(1)fuc(1)",0.179799759342965,0.667990647904303,1.29152987956574,0.369081020616327,1.59607825,2.06138275,0.357175872028869,0.489069031882259,4,4,FALSE
"584","P49238_hexnac(4)hex(5)neuac(2)",0.303300502420029,0.710303659530132,0.712298808220253,-0.489445518436862,6.9761548,4.96910675,3.76060488822652,0.740715629296595,5,4,FALSE
"585","P49238_hexnac(5)hex(6)neuac(2)fuc(1)",NA,NA,0.872333498921253,-0.197048302480206,2.52141985,2.199519,1.50085432511632,1.03685188645727,4,2,FALSE
"586","P49238_hexnac(2)hex(6)",NA,NA,NA,NA,NA,1.050393,NA,NA,0,1,NA
"587","P49238_hexnac(2)hex(8)",NA,NA,NA,NA,NA,1.038217,NA,NA,0,1,NA
"588","P04003_hexnac(4)hex(5)neuac(2)",0.175339277335592,0.667990647904303,0.743634220432923,-0.42733493340765,78.221056,58.167854,14.7831640899075,25.4585092121304,5,5,FALSE
"589","P04003_hexnac(4)hex(5)neuac(1)",0.327715048532306,0.710303659530132,1.50649441956414,0.591195328835432,27.22368,41.012322,9.68271242718347,26.4529759157636,4,5,FALSE
"590","P04003_hexnac(3)hex(6)",NA,NA,NA,NA,NA,4.099117,NA,NA,0,1,NA
"591","O42043_hexnac(4)hex(3)fuc(1)",NA,NA,NA,NA,100,NA,NA,NA,1,0,NA
"592","O42043_hexnac(5)hex(3)fuc(1)",NA,NA,NA,NA,100,NA,NA,NA,1,0,NA
"593","O42043_hexnac(5)hex(6)neuac(2)fuc(1)",NA,NA,NA,NA,57.84435,NA,NA,NA,1,0,NA
"594","O42043_hexnac(4)hex(4)neuac(1)",NA,NA,4.41858492166733,2.14358441184212,22.63168,100,NA,0,1,2,NA
"595","O42043_hexnac(2)hex(8)",NA,NA,NA,NA,24.483855,NA,7.01433663481088,NA,2,0,NA
"596","O42043_hexnac(3)hex(5)neuac(1)",NA,NA,NA,NA,48.52769,NA,NA,NA,1,0,NA
"597","O42043_hexnac(4)hex(5)fuc(1)",NA,NA,NA,NA,22.02857,NA,NA,NA,1,0,NA
"598","O42043_hexnac(2)hex(7)",NA,NA,NA,NA,NA,100,NA,NA,0,1,NA
"599","P27918_hexnac(4)hex(5)neuac(1)fuc(1)",0.310864259084337,0.710303659530132,1.33241733257308,0.414046026352897,48.425724,64.523274,19.6148523436586,26.6326577023066,5,5,FALSE
"600","P27918_hexnac(4)hex(5)neuac(2)fuc(1)",0.398382690867885,0.720331305601332,0.678446373521176,-0.559693309770319,49.062964,33.28659,18.6206521372354,29.7236161861877,5,4,FALSE
"601","P27918_hexnac(5)hex(5)neuac(1)fuc(1)",NA,NA,NA,NA,2.998585,NA,NA,NA,1,0,NA
"602","P27918_hexnac(4)hex(5)neuac(1)",NA,NA,1.33179036486808,0.41336700780914,3.726799,4.963315,NA,NA,1,1,FALSE
"603","P27918_hexnac(5)hex(4)neuac(1)fuc(1)",NA,NA,2.94059325536987,1.55610724357799,0.9691206,2.8497895,NA,0.652726734179396,1,2,NA
"604","P27918_hexnac(6)hex(7)neuac(1)",NA,NA,NA,NA,1.572412,NA,NA,NA,1,0,NA
"605","P27918_hexnac(5)hex(5)neuac(1)",NA,NA,0.487158925341048,-1.03753559691585,3.289639,1.602577,NA,NA,1,1,NA
"606","P27918_hexnac(3)hex(4)neuac(1)fuc(1)",NA,NA,NA,NA,NA,31.9718,NA,NA,0,1,NA
"607","Q92496_hexnac(4)hex(5)neuac(2)",NA,NA,NA,NA,100,NA,0,NA,2,0,NA
"608","P04217_hexnac(4)hex(5)neuac(1)",0.320112351482573,0.710303659530132,1.14184331097604,0.191364690992138,18.4429,21.058902,2.60021561599226,4.74805467720939,5,5,FALSE
"609","P04217_hexnac(4)hex(5)neuac(2)",0.613433296229616,0.882093143419242,0.966760808769925,-0.0487691055853873,72.255308,69.8536,4.83911104830939,8.86455776179218,5,5,FALSE
"610","P04217_hexnac(5)hex(6)neuac(2)",NA,NA,1.47914855989342,0.564766958358613,1.71897,2.542612,NA,1.39673388274216,1,2,FALSE
"611","P04217_hexnac(5)hex(6)neuac(3)",0.869514888024933,0.986269537300366,0.937682334728161,-0.0928288413720273,8.9579982,8.39975666666667,4.54621490956941,4.30844887881849,5,3,FALSE
"612","P04217_hexnac(4)hex(5)neuac(2)fuc(1)",NA,NA,NA,NA,NA,4.9858625,NA,3.06477403082389,0,2,NA
"613","P04217_hexnac(4)hex(5)neuac(1)fuc(1)",NA,NA,NA,NA,NA,1.415878,NA,NA,0,1,NA
"614","P04217_hexnac(5)hex(6)neuac(2)fuc(1)",NA,NA,NA,NA,NA,1.497511,NA,NA,0,1,NA
"615","P04217_hexnac(3)hex(4)neuac(1)",NA,NA,NA,NA,NA,2.267883,NA,NA,0,1,NA
"616","P04180_hexnac(5)hex(6)neuac(3)",0.421807560392791,0.753725353278501,0.88914042623897,-0.169516806046551,93.8263575,83.4248075,12.347285,20.3062426973437,4,4,FALSE
"617","P04180_hexnac(5)hex(6)neuac(2)",NA,NA,1.0201835869181,0.0288287954354696,24.69457,25.192995,NA,0.497400123090051,1,2,FALSE
"618","P04180_hexnac(2)hex(5)",NA,NA,NA,NA,NA,55.81493,NA,NA,0,1,NA
"619","P04180_hexnac(3)hex(4)neuac(1)",NA,NA,NA,NA,NA,44.18507,NA,NA,0,1,NA
"620","P04180_hexnac(4)hex(5)neuac(2)fuc(1)",NA,NA,NA,NA,NA,15.91478,NA,NA,0,1,NA
"621","P00751_hexnac(4)hex(5)neuac(1)",0.109166418789261,0.667990647904303,1.79563201473632,0.844491723737214,16.756421,30.088366,11.6103633251754,8.60008341305653,4,5,FALSE
"622","P00751_hexnac(4)hex(5)neuac(2)",0.0394758199989627,0.667990647904303,0.803373275487191,-0.315857624496478,86.566188,69.544962,12.5488771921264,8.27926882050402,5,5,FALSE
"623","P00751_hexnac(3)hex(5)neuac(1)",NA,NA,NA,NA,NA,1.156652,NA,NA,0,1,NA
"624","P02671_hexnac(3)hex(6)",NA,NA,0.6143165,-0.702945961547293,100,61.43165,NA,54.5438836483524,1,2,NA
"625","P02671_hexnac(2)hex(7)",NA,NA,NA,NA,38.95617,NA,NA,NA,1,0,NA
"626","P02671_hexnac(4)hex(5)neuac(2)",NA,NA,0.533026351721378,-0.907721236278179,61.04383,32.53797,NA,14.1691186847065,1,3,NA
"627","P02671_hexnac(5)hex(4)fuc(1)",NA,NA,NA,NA,NA,100,NA,NA,0,1,NA
"628","P02671_hexnac(2)hex(8)",NA,NA,NA,NA,NA,55.97723,NA,NA,0,1,NA
"629","P02671_hexnac(3)hex(5)",NA,NA,NA,NA,NA,20.002775,NA,23.8843629411389,0,2,NA
"630","P02671_hexnac(5)hex(5)",NA,NA,NA,NA,NA,16.74851,NA,NA,0,1,NA
"631","P02671_hexnac(6)hex(7)neuac(2)fuc(1)",NA,NA,NA,NA,NA,66.79152,NA,NA,0,1,NA
"632","P02745_hexnac(4)hex(5)neuac(1)fuc(1)",0.855933760079679,0.98363295343338,1.02860626371544,0.0406908441458918,69.71613,71.710448,17.4705678298016,16.1302456738008,5,5,FALSE
"633","P02745_hexnac(4)hex(5)neuac(2)fuc(1)",0.0940332287195003,0.667990647904303,0.837410990109632,-0.255992242879577,33.9979775,28.47028,4.2381757224414,3.55410137646635,4,4,FALSE
"634","P02745_hexnac(4)hex(5)fuc(1)",NA,NA,NA,NA,15.42744,NA,NA,NA,1,0,NA
"635","P02745_hexnac(4)hex(5)neuac(1)",NA,NA,NA,NA,NA,6.31493775,NA,1.92369682589875,0,4,NA
"636","P02745_hexnac(5)hex(5)neuac(1)",NA,NA,NA,NA,NA,2.306899,NA,NA,0,1,NA
"637","P01023_hexnac(3)hex(6)",0.833821202771089,0.980427128533038,0.958167583597102,-0.0616500893640417,9.5112268,9.1133492,2.23232664454761,3.4186419520976,5,5,FALSE
"638","P01023_hexnac(4)hex(5)",0.00690353295926895,0.603613015827574,0.315262429418375,-1.66537484405866,3.7235612,1.17389895,1.24141412505243,0.533868674765755,5,4,FALSE
"639","P01023_hexnac(2)hex(6)",0.715492109275299,0.936746415980181,0.950081498906654,-0.0738768203644675,11.2294758,10.6689172,2.76103868919003,1.80729254864264,5,5,FALSE
"640","P01023_hexnac(2)hex(7)",0.95272326281966,0.998662434525786,0.965025622318625,-0.0513608471167143,2.61723646666667,2.52570025,1.91540475308898,1.90575665881129,3,4,FALSE
"641","P01023_hexnac(2)hex(5)",0.489445485604737,0.793494953934952,1.16815871950208,0.224236308705645,29.110676,34.00589,12.4151944371597,8.44044426678774,5,5,FALSE
"642","P01023_hexnac(3)hex(5)",0.195567819431663,0.667990647904303,0.521044904040391,-0.940520384485708,2.56192425,1.334877575,1.47210376891608,0.496601802190235,4,4,FALSE
"643","P01023_hexnac(4)hex(5)neuac(1)",0.909258491818639,0.986409855591077,0.974891397757223,-0.036686582326425,8.5658452,8.3507688,2.44892698529401,3.26127857588427,5,5,FALSE
"644","P01023_hexnac(3)hex(6)neuac(1)",0.907015944138882,0.986409855591077,1.04253968332933,0.0601022995959052,7.7188962,8.0472556,5.30673210413746,2.8706044858657,5,5,FALSE
"645","P01023_hexnac(3)hex(5)neuac(1)",0.512855901635084,0.823469473739501,0.728158065715846,-0.45767643584868,10.8751426,7.9188228,9.04048218194192,2.21999100360287,5,5,FALSE
"646","P01023_hexnac(4)hex(4)neuac(1)",0.113890696401784,0.667990647904303,0.621146750408754,-0.686993939041831,5.08864,3.1607922,2.09194713723949,0.972115160973328,5,5,FALSE
"647","P01023_hexnac(3)hex(4)neuac(1)",0.676751622816912,0.916612957486198,0.821467745057633,-0.283724166040637,4.9924256,4.1011166,4.37672058577782,0.880953505458035,5,5,FALSE
"648","P01023_hexnac(4)hex(5)neuac(1)fuc(1)",0.933775980162728,0.991511020176392,0.958247980613893,-0.0615290421552205,2.745884,2.631237798,1.44350147242149,2.29533526974943,3,5,FALSE
"649","P01023_hexnac(4)hex(5)neuac(2)",0.338083925105735,0.710303659530132,1.68300971630916,0.751043505622454,3.3275907,5.60036748,3.17915374192525,3.41727702796476,4,5,FALSE
"650","P01023_hexnac(5)hex(5)neuac(1)fuc(1)",NA,NA,NA,NA,NA,1.24472,NA,NA,0,1,NA
"651","P01023_hexnac(2)hex(8)",NA,NA,NA,NA,NA,1.074567,NA,NA,0,1,NA
"652","P35542_hexnac(5)hex(6)neuac(3)",NA,NA,NA,NA,100,NA,NA,NA,1,0,NA
"653","P02679_hexnac(4)hex(5)neuac(1)",0.171895663053074,0.667990647904303,1.1240291196095,0.168679411156733,54.982056,61.801432,7.41835624680293,6.93987186243521,5,5,FALSE
"654","P02679_hexnac(4)hex(5)neuac(2)",0.0918929056763467,0.667990647904303,0.695513842104364,-0.523848867342565,32.089196,22.31848,2.26832178306562,9.92299514617689,5,5,FALSE
"655","P02679_hexnac(4)hex(4)neuac(1)",0.130657542079205,0.667990647904303,1.64137761113641,0.714907179768136,7.9306705,13.017225,3.97946313869442,4.2320507011495,4,4,FALSE
"656","P02679_hexnac(4)hex(5)",0.942089910136447,0.991511020176392,0.973775765645013,-0.0383384981813433,6.5842132,6.41154725,4.49872581870953,2.14111538861974,5,4,FALSE
"657","P02679_hexnac(4)hex(5)neuac(1)fuc(1)",NA,NA,NA,NA,NA,1.685356,NA,NA,0,1,NA
"658","P19827_hexnac(4)hex(5)neuac(2)",NA,NA,1,0,100,100,0,0,3,3,FALSE
"659","P19827_hexnac(5)hex(5)neuac(1)fuc(1)",NA,NA,NA,NA,NA,100,NA,NA,0,1,NA
"660","P01009_hexnac(4)hex(5)neuac(2)",0.341976970678756,0.710303659530132,0.871961914746446,-0.197662972048416,92.40952,80.577582,13.1470970138354,19.0670492407103,3,5,FALSE
"661","P01009_hexnac(5)hex(6)neuac(3)",NA,NA,1.02142798171745,0.0305874869082627,22.77144,23.259386,NA,20.0043362077063,1,3,FALSE
"662","P01009_hexnac(4)hex(5)neuac(2)fuc(1)",NA,NA,NA,NA,NA,6.0454115,NA,2.42436888970422,0,4,NA
"663","P01009_hexnac(4)hex(5)neuac(1)",NA,NA,NA,NA,NA,3.152278,NA,NA,0,1,NA
"664","P08697_hexnac(4)hex(3)",NA,NA,1.1173631302794,0.160098121466291,89.49642,100,14.8543052894708,NA,2,1,FALSE
"665","P08697_hexnac(3)hex(4)neuac(1)",NA,NA,NA,NA,21.00716,NA,NA,NA,1,0,NA
"666","P21439_hexnac(4)hex(5)fuc(1)",NA,NA,NA,NA,100,NA,NA,NA,1,0,NA
"667","P21439_hexnac(4)hex(4)fuc(1)",NA,NA,NA,NA,NA,100,NA,NA,0,1,NA
"668","P04275_hexnac(5)hex(6)neuac(3)",NA,NA,NA,NA,100,NA,NA,NA,1,0,NA
"669","P04275_hexnac(4)hex(5)neuac(2)",NA,NA,0.6245341376944,-0.679147661666848,29.62517,18.50193,NA,14.8230087433355,1,2,NA
"670","P04275_hexnac(3)hex(5)neuac(1)",NA,NA,NA,NA,70.37483,NA,NA,NA,1,0,NA
"671","P04275_hexnac(3)hex(4)neuac(1)fuc(1)",NA,NA,NA,NA,22.92422,NA,NA,NA,1,0,NA
"672","P04275_hexnac(3)hex(6)neuac(1)",NA,NA,NA,NA,77.07578,NA,NA,NA,1,0,NA
"673","P04275_hexnac(4)hex(5)neuac(1)fuc(1)",NA,NA,NA,NA,NA,13.7056135,NA,13.485497174838,0,2,NA
"674","P04275_hexnac(4)hex(6)neuac(1)",NA,NA,NA,NA,NA,70.50178,NA,NA,0,1,NA
"675","P04275_hexnac(5)hex(6)neuac(2)fuc(1)",NA,NA,NA,NA,NA,6.256921,NA,NA,0,1,NA
"676","P04275_hexnac(4)hex(5)neuac(2)fuc(1)",NA,NA,NA,NA,NA,91.97952,NA,NA,0,1,NA
"677","P04275_hexnac(2)hex(10)",NA,NA,NA,NA,NA,66.84669,NA,NA,0,1,NA
"678","P02774_hexnac(4)hex(5)neuac(2)",0.422649730810374,0.753725353278501,1.09347924428775,0.128925836346384,91.45121,100,14.8069386232367,0,3,4,FALSE
"679","P02774_hexnac(3)hex(5)neuac(1)",NA,NA,NA,NA,25.64637,NA,NA,NA,1,0,NA
"680","Q9HCH5_hexnac(3)hex(4)neuac(1)fuc(1)",NA,NA,1,0,100,100,NA,NA,1,1,FALSE
"681","Q9HCH5_hexnac(3)hex(5)neuac(1)",NA,NA,NA,NA,100,NA,NA,NA,1,0,NA
"682","P08519_hexnac(4)hex(5)neuac(2)",NA,NA,NA,NA,44.0857073333333,NA,33.5748653272358,NA,3,0,NA
"683","P08519_hexnac(4)hex(5)neuac(1)",NA,NA,3.77636594979975,1.91699857624099,26.4804845,100,31.9765643628227,0,2,2,NA
"684","P08519_hexnac(5)hex(6)neuac(3)",NA,NA,NA,NA,10.64393,NA,NA,NA,1,0,NA
"685","P08519_hexnac(5)hex(6)neuac(2)",NA,NA,NA,NA,11.76138,NA,NA,NA,1,0,NA
"686","P08519_hexnac(3)hex(5)neuac(1)",NA,NA,NA,NA,49.00096,NA,NA,NA,1,0,NA
"687","P08519_hexnac(6)hex(7)neuac(1)",NA,NA,NA,NA,43.37563,NA,NA,NA,1,0,NA
"688","P05186_hexnac(3)hex(4)neuac(1)",NA,NA,0.8828604,-0.179742761373544,100,88.28604,0,NA,2,1,FALSE
"689","P05186_hexnac(4)hex(5)neuac(2)",NA,NA,NA,NA,NA,11.71396,NA,NA,0,1,NA
"690","O14791_hexnac(4)hex(5)neuac(2)fuc(1)",NA,NA,NA,NA,100,NA,NA,NA,1,0,NA
"691","Q08380_hexnac(4)hex(5)fuc(1)",NA,NA,NA,NA,100,NA,NA,NA,1,0,NA
"692","Q08380_hexnac(4)hex(3)fuc(1)",NA,NA,NA,NA,100,NA,NA,NA,1,0,NA
"693","Q08380_hexnac(3)hex(6)",NA,NA,NA,NA,NA,11.13505,NA,NA,0,1,NA
"694","Q08380_hexnac(4)hex(5)neuac(1)fuc(1)",NA,NA,NA,NA,NA,29.3802933333333,NA,2.72422959352426,0,3,NA
"695","Q08380_hexnac(4)hex(5)neuac(1)",NA,NA,NA,NA,NA,27.5821466666667,NA,24.783966848883,0,3,NA
"696","Q08380_hexnac(4)hex(5)neuac(2)",NA,NA,NA,NA,NA,12.70318,NA,3.69403896200351,0,2,NA
"697","Q08380_hexnac(4)hex(5)neuac(2)fuc(1)",NA,NA,NA,NA,NA,30.2196,NA,NA,0,1,NA
"698","Q08380_hexnac(4)hex(6)neuac(1)",NA,NA,NA,NA,NA,10.17241,NA,NA,0,1,NA
"699","Q08380_hexnac(2)hex(5)",NA,NA,NA,NA,NA,52.17926,NA,NA,0,1,NA
"700","P07357_hexnac(4)hex(5)neuac(2)",0.373900966300059,0.719830646451626,0.85570768,-0.224810056017863,100,85.570768,0,32.2647436151152,3,5,FALSE
"701","P07357_hexnac(4)hex(5)neuac(1)",NA,NA,NA,NA,NA,72.14616,NA,NA,0,1,NA
"702","P04070_hexnac(4)hex(5)neuac(2)",NA,NA,1,0,100,100,0,0,3,4,FALSE
"703","Q96KN2_hexnac(4)hex(5)neuac(2)",0.804025343012808,0.978343904018673,1.10577345786179,0.145055847872468,69.1783,76.495528,40.0813550083377,32.919786120598,3,5,FALSE
"704","Q96KN2_hexnac(4)hex(5)neuac(2)fuc(1)",NA,NA,NA,NA,76.13292,NA,NA,NA,1,0,NA
"705","Q96KN2_hexnac(5)hex(6)neuac(3)",NA,NA,3.59787731950052,1.84714599438103,16.33218,58.76118,NA,13.8346573109998,1,2,NA
"706","O60271_hexnac(5)hex(5)neuac(1)fuc(1)",NA,NA,NA,NA,100,NA,NA,NA,1,0,NA
"707","Q9UGM5_hexnac(4)hex(5)neuac(2)",NA,NA,0.9274515,-0.108656255244455,100,92.74515,0,NA,2,1,FALSE
"708","Q9UGM5_hexnac(4)hex(5)neuac(1)",NA,NA,NA,NA,NA,7.254846,NA,NA,0,1,NA
"709","P02748_hexnac(4)hex(5)neuac(2)",NA,NA,1,0,100,100,NA,0,1,2,FALSE
"710","Q96PD5_hexnac(6)hex(7)neuac(1)",NA,NA,NA,NA,100,NA,NA,NA,1,0,NA
"711","Q96PD5_hexnac(5)hex(5)neuac(1)fuc(1)",NA,NA,NA,NA,14.03493,NA,NA,NA,1,0,NA
"712","Q96PD5_hexnac(4)hex(5)neuac(2)",NA,NA,1.16326317189063,0.218177523148203,85.96507,100,NA,NA,1,1,FALSE
"713","O00192_hexnac(5)hex(5)neuac(1)",NA,NA,NA,NA,NA,100,NA,NA,0,1,NA
"714","Q12816_hexnac(5)hex(5)neuac(2)fuc(1)",NA,NA,NA,NA,NA,100,NA,0,0,3,NA
"715","Q13797_hexnac(5)hex(4)neuac(1)",NA,NA,NA,NA,NA,100,NA,0,0,2,NA
"716","Q9HDC9_hexnac(4)hex(5)neuac(2)",NA,NA,NA,NA,NA,100,NA,0,0,2,NA
"717","P11279_hexnac(4)hex(6)neuac(1)",NA,NA,NA,NA,NA,100,NA,NA,0,1,NA
"718","P00742_hexnac(4)hex(5)neuac(2)",NA,NA,NA,NA,NA,100,NA,NA,0,1,NA
